;0;0.54;1.0799;1.6199;2.1598;2.6998;3.2397;3.7797;4.3197;4.8596;5.3996;5.9395;6.4795;7.0194;7.5594;8.0994;8.6393;9.1793;9.7192;10.2592;10.7991;11.3391;11.879;12.419;12.959;13.4989;14.0389;14.5788;15.1188;15.6587;16.1987;16.7387;17.2786;17.8186;18.3585;18.8985;19.4384;19.9784;20.5184;21.0583;21.5983;22.1382;22.6782;23.2181;23.7581;24.2981;24.838;25.378;25.9179;26.4579;26.9978;27.5378;28.0778;28.6177;29.1577;29.6976;30.2376;30.7775;31.3175;31.8575;32.3974;32.9374;33.4773;34.0173;34.5572;35.0972;35.6371;36.1771;36.7171;37.257;37.797;38.3369;38.8769;39.4168;39.9568;40.4968;41.0367;41.5767;42.1166;42.6566;43.1965;43.7365;44.2765;44.8164;45.3564;45.8963;46.4363;46.9762;47.5162;48.0562;48.5961;49.1361;49.676
0;0:1;0:1;0:1;0:1;0:1;0:1;0:1;0:1;0:1;0:1;0:1;0:1;0:1;0:1;0:1;0:1;0:1;0:1;0:1;0:1;0:1;0:1;0:1;0:1;0:1;0:1;0:1;0:1;0:1;0:1;0:1;0:1;0:1;0:1;0:1;0:1;0:1;0:1;0:1;0:1;0:1;0:1;0:1;0:1;0:1;0:1;0:1;0:1;0:1;0:1;0:1;0:1;0:1;0:1;0:1;0:1;0:1;0:1;0:1;0:1;0:1;0:1;0:1;0:1;0:1;0:1;0:1;0:1;0:1;0:1;0:1;0:1;0:1;0:1;0:1;0:1;0:1;0:1;0:1;0:1;0:1;0:1;0:1;0:1;0:1;0:1;0:1;0:1;0:1;0:1;0:1;0:1;0:1
10;0:1;0.108:1;0.216:1;0.324:1;0.432:1;0.54:1;0.6479:1;0.7559:1;0.8693:1;0.9862:1;1.1032:1;1.2202:1;1.3212:1;1.4202:1;1.5192:1;1.6099:1;1.6639:1;1.7179:1;1.7719:1;1.813:1;1.84:1;1.867:1;1.894:1;1.907:1;1.916:1;1.925:1;1.934:1;1.943:1;1.952:1;1.961:1;1.97:1;1.979:1;1.988:1;1.997:1;2.006:1;2.015:1;2.024:1;2.033:1;2.042:1;2.051:1;2.06:1;2.069:1;2.078:1;2.087:1;2.096:1;2.1:1;2.1:1;2.1:1;2.1:1;2.1:1;2.1:1;2.1:1;2.0987:1;2.0897:1;2.0807:1;2.0717:1;2.0651:1;2.0615:1;2.0579:1;2.0543:1;2.0507:1;2.0471:1;2.0435:1;2.0399:1;2.0363:1;2.0327:1;2.0291:1;2.0255:1;2.0219:1;2.0183:1;2.0147:1;2.0111:1;2.0075:1;2.0039:1;2.0003:1;1.9967:1;1.9931:1;1.9895:1;1.9859:1;1.9823:1;1.9787:1;1.9751:1;1.9715:1;1.9679:1;1.9643:1;1.9607:1;1.9571:1;1.9535:1;1.9499:1;1.9463:1;1.9427:1;1.9391:1;1.9355:1
20;0:1;0.216:1;0.432:1;0.6479:1;0.8639:1;1.0799:1;1.2959:1;1.5119:1;1.7385:1;1.9725:1;2.2065:1;2.4405:1;2.6425:1;2.8405:1;3.0384:1;3.2199:1;3.3279:1;3.4359:1;3.5438:1;3.6259:1;3.6799:1;3.7339:1;3.7879:1;3.814:1;3.832:1;3.85:1;3.868:1;3.886:1;3.904:1;3.922:1;3.94:1;3.958:1;3.976:1;3.994:1;4.012:1;4.0299:1;4.0479:1;4.0659:1;4.0839:1;4.1019:1;4.1199:1;4.1379:1;4.1559:1;4.1739:1;4.1919:1;4.2:1;4.2:1;4.2:1;4.2:1;4.2:1;4.2:1;4.2:1;4.1974:1;4.1794:1;4.1614:1;4.1434:1;4.1302:1;4.123:1;4.1158:1;4.1086:1;4.1014:1;4.0942:1;4.087:1;4.0798:1;4.0726:1;4.0654:1;4.0582:1;4.051:1;4.0438:1;4.0366:1;4.0294:1;4.0222:1;4.015:1;4.0078:1;4.0006:1;3.9934:1;3.9862:1;3.979:1;3.9718:1;3.9646:1;3.9574:1;3.9502:1;3.943:1;3.9358:1;3.9286:1;3.9214:1;3.9142:1;3.907:1;3.8998:1;3.8926:1;3.8854:1;3.8782:1;3.871:1
30;0:1;0.324:1;0.6479:1;0.9719:1;1.2959:1;1.6199:1;1.9438:1;2.2678:1;2.6078:1;2.9587:1;3.3097:1;3.6607:1;3.9637:1;4.2607:1;4.5577:1;4.8298:1;4.9918:1;5.1538:1;5.3158:1;5.4389:1;5.5199:1;5.6009:1;5.6819:1;5.721:1;5.7479:1;5.7749:1;5.8019:1;5.8289:1;5.8559:1;5.8829:1;5.9099:1;5.9369:1;5.9639:1;5.9909:1;6.0179:1;6.0449:1;6.0719:1;6.0989:1;6.1259:1;6.1529:1;6.1799:1;6.2069:1;6.2339:1;6.2609:1;6.2879:1;6.3:1;6.3:1;6.3:1;6.3:1;6.3:1;6.3:1;6.3:1;6.2961:1;6.2691:1;6.2421:1;6.2151:1;6.1952:1;6.1844:1;6.1737:1;6.1629:1;6.1521:1;6.1413:1;6.1305:1;6.1197:1;6.1089:1;6.0981:1;6.0873:1;6.0765:1;6.0657:1;6.0549:1;6.0441:1;6.0333:1;6.0225:1;6.0117:1;6.0009:1;5.9901:1;5.9793:1;5.9685:1;5.9577:1;5.9469:1;5.9361:1;5.9253:1;5.9145:1;5.9037:1;5.8929:1;5.8821:1;5.8713:1;5.8605:1;5.8497:1;5.8389:1;5.8281:1;5.8173:1;5.8065:1
33;0:1;0.3645:1;0.7289:1;1.0934:1;1.4579:1;1.8224:1;2.1868:1;2.5513:1;2.9238:1;3.3017:1;3.6797:1;4.0577:1;4.3397:1;4.6097:1;4.8797:1;5.1298:1;5.2918:1;5.4538:1;5.6158:1;5.7259:1;5.7799:1;5.8339:1;5.8879:1;5.9419:1;5.9959:1;6.0499:1;6.1019:1;6.1289:1;6.1559:1;6.1829:1;6.2099:1;6.2369:1;6.2639:1;6.2909:1;6.3359:1;6.3898:1;6.4438:1;6.4978:1;6.5259:1;6.5529:1;6.5799:1;6.6:1;6.6:1;6.6:1;6.6:1;6.6149:1;6.6419:1;6.6689:1;6.6959:1;6.7:1;6.7:1;6.7:1;6.7039:1;6.7309:1;6.7579:1;6.7849:1;6.7952:1;6.7844:1;6.7737:1;6.7629:1;6.7521:1;6.7413:1;6.7305:1;6.7197:1;6.7089:1;6.6981:1;6.6873:1;6.6765:1;6.6657:1;6.6549:1;6.6441:1;6.6333:1;6.6225:1;6.6117:1;6.6009:1;6.5901:1;6.5793:1;6.5685:1;6.5577:1;6.5469:1;6.5361:1;6.5253:1;6.5145:1;6.5037:1;6.4929:1;6.4821:1;6.4713:1;6.4605:1;6.4497:1;6.4389:1;6.4281:1;6.4173:1;6.4065:1
36;0:1;0.405:1;0.8099:1;1.2149:1;1.6199:1;2.0248:1;2.4298:1;2.8348:1;3.2238:1;3.6017:1;3.9797:1;4.3577:1;4.6397:1;4.9097:1;5.1797:1;5.4248:1;5.5598:1;5.6948:1;5.8298:1;5.9389:1;6.0199:1;6.1009:1;6.1819:1;6.2419:1;6.2959:1;6.3499:1;6.4019:1;6.4289:1;6.4559:1;6.4829:1;6.5199:1;6.5739:1;6.6279:1;6.6819:1;6.7179:1;6.7449:1;6.7719:1;6.7989:1;6.8:1;6.8:1;6.8:1;6.8138:1;6.8678:1;6.9218:1;6.9758:1;7.0149:1;7.0419:1;7.0689:1;7.0959:1;7.1:1;7.1:1;7.1:1;7.0961:1;7.0691:1;7.0421:1;7.0151:1;6.9952:1;6.9844:1;6.9737:1;6.9629:1;6.9521:1;6.9413:1;6.9305:1;6.9197:1;6.9089:1;6.8981:1;6.8873:1;6.8765:1;6.8657:1;6.8549:1;6.8441:1;6.8333:1;6.8225:1;6.8117:1;6.8009:1;6.795:1;6.7896:1;6.7842:1;6.7788:1;6.7734:1;6.768:1;6.7626:1;6.7572:1;6.7518:1;6.7464:1;6.741:1;6.7356:1;6.7302:1;6.7248:1;6.7194:1;6.714:1;6.7086:1;6.7032:1
39;0:1;0.4185:1;0.8369:1;1.2554:1;1.6739:1;2.0923:1;2.5108:1;2.9293:1;3.3557:1;3.7877:1;4.2197:1;4.6516:1;4.9158:1;5.1587:1;5.4017:1;5.6248:1;5.7598:1;5.8948:1;6.0298:1;6.1389:1;6.2199:1;6.3009:1;6.3819:1;6.4419:1;6.4959:1;6.5499:1;6.6039:1;6.6579:1;6.7119:1;6.7659:1;6.8199:1;6.8739:1;6.9279:1;6.9819:1;7.0179:1;7.0449:1;7.0719:1;7.0989:1;7.1518:1;7.2058:1;7.2598:1;7.3069:1;7.3339:1;7.3609:1;7.3879:1;7.4298:1;7.4838:1;7.5378:1;7.5918:1;7.5771:1;7.5501:1;7.5231:1;7.4961:1;7.4691:1;7.4421:1;7.4151:1;7.3952:1;7.3844:1;7.3737:1;7.3629:1;7.3521:1;7.3413:1;7.3305:1;7.3197:1;7.3089:1;7.2981:1;7.2873:1;7.2765:1;7.2657:1;7.2549:1;7.2441:1;7.2333:1;7.2225:1;7.2117:1;7.2009:1;7.1901:1;7.1793:1;7.1685:1;7.1577:1;7.1469:1;7.1361:1;7.1253:1;7.1145:1;7.1037:1;7.0929:1;7.0821:1;7.0713:1;7.0605:1;7.0497:1;7.0389:1;7.0281:1;7.0173:1;7.0065:1
40;0:1;0.4275:1;0.8549:1;1.2824:1;1.7099:1;2.1373:1;2.5648:1;2.9923:1;3.4171:1;3.84:1;4.263:1;4.686:1;4.9571:1;5.2091:1;5.4611:1;5.6915:1;5.8265:1;5.9615:1;6.0965:1;6.2099:1;6.2999:1;6.3898:1;6.4798:1;6.5349:1;6.5799:1;6.6249:1;6.6712:1;6.7342:1;6.7972:1;6.8602:1;6.9166:1;6.9616:1;7.0066:1;7.0515:1;7.0906:1;7.1266:1;7.1626:1;7.1986:1;7.2605:1;7.3235:1;7.3865:1;7.4425:1;7.4785:1;7.5145:1;7.5505:1;7.5865:1;7.6225:1;7.6585:1;7.6945:1;7.6847:1;7.6667:1;7.6487:1;7.6307:1;7.6127:1;7.5947:1;7.5767:1;7.5619:1;7.5511:1;7.5403:1;7.5295:1;7.5187:1;7.5079:1;7.4971:1;7.4863:1;7.4755:1;7.4647:1;7.4539:1;7.4431:1;7.4323:1;7.4215:1;7.4107:1;7.3999:1;7.3891:1;7.3783:1;7.3675:1;7.3551:1;7.3425:1;7.3299:1;7.3173:1;7.3047:1;7.2921:1;7.2795:1;7.2669:1;7.2543:1;7.2417:1;7.2291:1;7.2165:1;7.2039:1;7.1913:1;7.1787:1;7.1661:1;7.1535:1;7.1409:1
42;0:1;0.4455:1;0.8909:1;1.3364:1;1.7819:1;2.2273:1;2.6728:1;3.1183:1;3.5397:1;3.9447:1;4.3497:1;4.7546:1;5.0397:1;5.3097:1;5.5797:1;5.8248:1;5.9598:1;6.0948:1;6.2298:1;6.3518:1;6.4598:1;6.5678:1;6.6758:1;6.721:1;6.7479:1;6.7749:1;6.8058:1;6.8868:1;6.9678:1;7.0488:1;7.1099:1;7.1369:1;7.1639:1;7.1909:1;7.2359:1;7.2898:1;7.3438:1;7.3978:1;7.4778:1;7.5587:1;7.6397:1;7.7138:1;7.7678:1;7.8218:1;7.8758:1;7.9:1;7.9:1;7.9:1;7.9:1;7.9:1;7.9:1;7.9:1;7.9:1;7.9:1;7.9:1;7.9:1;7.8952:1;7.8844:1;7.8737:1;7.8629:1;7.8521:1;7.8413:1;7.8305:1;7.8197:1;7.8089:1;7.7981:1;7.7873:1;7.7765:1;7.7657:1;7.7549:1;7.7441:1;7.7333:1;7.7225:1;7.7117:1;7.7009:1;7.6851:1;7.6689:1;7.6527:1;7.6365:1;7.6203:1;7.6041:1;7.5879:1;7.5717:1;7.5555:1;7.5393:1;7.5231:1;7.5069:1;7.4907:1;7.4745:1;7.4583:1;7.4421:1;7.4259:1;7.4097:1
45;0:1;0.4725:1;0.9449:1;1.4174:1;1.8898:1;2.3623:1;2.8348:1;3.3072:1;3.7557:1;4.1877:1;4.6197:1;5.0516:1;5.3158:1;5.5587:1;5.8017:1;6.0248:1;6.1598:1;6.2948:1;6.4298:1;6.5389:1;6.6199:1;6.7009:1;6.7819:1;6.8629:1;6.9438:1;7.0248:1;7.1058:1;7.1868:1;7.2678:1;7.3488:1;7.4199:1;7.4739:1;7.5279:1;7.5819:1;7.6359:1;7.6898:1;7.7438:1;7.7978:1;7.8778:1;7.9587:1;8.0397:1;8.1138:1;8.1678:1;8.2218:1;8.2758:1;8.3149:1;8.3419:1;8.3689:1;8.3959:1;8.3771:1;8.3501:1;8.3231:1;8.3039:1;8.3309:1;8.3579:1;8.3849:1;8.3929:1;8.3767:1;8.3605:1;8.3443:1;8.3281:1;8.3119:1;8.2957:1;8.2795:1;8.2633:1;8.2471:1;8.2309:1;8.2147:1;8.1985:1;8.1823:1;8.1661:1;8.1499:1;8.1337:1;8.1175:1;8.1013:1;8.0901:1;8.0793:1;8.0685:1;8.0577:1;8.0469:1;8.0361:1;8.0253:1;8.0145:1;8.0037:1;7.9929:1;7.9821:1;7.9713:1;7.9605:1;7.9497:1;7.9389:1;7.9281:1;7.9173:1;7.9065:1
50;0:1;0.5265:1;1.0529:1;1.5794:1;2.1058:1;2.6323:1;3.1587:1;3.6852:1;4.1397:1;4.5447:1;4.9497:1;5.3546:1;5.5918:1;5.8078:1;6.0238:1;6.2298:1;6.3918:1;6.5538:1;6.7158:1;6.8518:1;6.9598:1;7.0678:1;7.1758:1;7.2838:1;7.3918:1;7.4998:1;7.6058:1;7.6868:1;7.7678:1;7.8488:1;7.9298:1;8.0108:1;8.0918:1;8.1728:1;8.2538:1;8.3348:1;8.4158:1;8.4968:1;8.5778:1;8.6587:1;8.7397:1;8.8069:1;8.8339:1;8.8609:1;8.8879:1;8.9:1;8.9:1;8.9:1;8.9:1;8.8771:1;8.8501:1;8.8231:1;8.8078:1;8.8618:1;8.9158:1;8.9698:1;8.9952:1;8.9844:1;8.9737:1;8.9629:1;8.9521:1;8.9413:1;8.9305:1;8.9197:1;8.9089:1;8.8981:1;8.8873:1;8.8765:1;8.8657:1;8.8549:1;8.8441:1;8.8333:1;8.8225:1;8.8117:1;8.8009:1;8.7851:1;8.7689:1;8.7527:1;8.7365:1;8.7203:1;8.7041:1;8.6879:1;8.6717:1;8.6555:1;8.6393:1;8.6231:1;8.6069:1;8.5907:1;8.5745:1;8.5583:1;8.5421:1;8.5259:1;8.5097:1
55;0:1;0.567:1;1.1339:1;1.7009:1;2.2678:1;2.8348:1;3.4017:1;3.9687:1;4.4238:1;4.8017:1;5.1797:1;5.5577:1;5.8158:1;6.0587:1;6.3017:1;6.5248:1;6.6598:1;6.7948:1;6.9298:1;7.0778:1;7.2397:1;7.4017:1;7.5637:1;7.7048:1;7.8397:1;7.9747:1;8.1058:1;8.1868:1;8.2678:1;8.3488:1;8.4397:1;8.5477:1;8.6557:1;8.7637:1;8.8179:1;8.8449:1;8.8719:1;8.8989:1;9.0037:1;9.1117:1;9.2197:1;9.3207:1;9.4017:1;9.4827:1;9.5637:1;9.6149:1;9.6419:1;9.6689:1;9.6959:1;9.6542:1;9.6002:1;9.5462:1;9.5156:1;9.6235:1;9.7315:1;9.8395:1;9.8929:1;9.8767:1;9.8605:1;9.8443:1;9.8281:1;9.8119:1;9.7957:1;9.7795:1;9.7633:1;9.7471:1;9.7309:1;9.7147:1;9.6985:1;9.6823:1;9.6661:1;9.6499:1;9.6337:1;9.6175:1;9.6013:1;9.5851:1;9.5689:1;9.5527:1;9.5365:1;9.5203:1;9.5041:1;9.4879:1;9.4717:1;9.4555:1;9.4393:1;9.4231:1;9.4069:1;9.3907:1;9.3745:1;9.3583:1;9.3421:1;9.3259:1;9.3097:1
60;0:1;0.594:1;1.1879:1;1.7819:1;2.3758:1;2.9698:1;3.5637:1;4.1577:1;4.6078:1;4.9587:1;5.3097:1;5.6607:1;5.9158:1;6.1587:1;6.4017:1;6.6298:1;6.7918:1;6.9538:1;7.1158:1;7.2778:1;7.4397:1;7.6017:1;7.7637:1;7.9257:1;8.0877:1;8.2497:1;8.4078:1;8.5158:1;8.6238:1;8.7317:1;8.8298:1;8.9108:1;8.9918:1;9.0728:1;9.1896:1;9.3246:1;9.4596:1;9.5946:1;9.7555:1;9.9175:1;10.0795:1;10.2138:1;10.2678:1;10.3218:1;10.3758:1;10.4149:1;10.4419:1;10.4689:1;10.4959:1;10.5:1;10.5:1;10.5:1;10.5156:1;10.6235:1;10.7315:1;10.8395:1;10.8929:1;10.8767:1;10.8605:1;10.8443:1;10.8281:1;10.8119:1;10.7957:1;10.7795:1;10.7633:1;10.7471:1;10.7309:1;10.7147:1;10.6985:1;10.6823:1;10.6661:1;10.6499:1;10.6337:1;10.6175:1;10.6013:1;10.5801:1;10.5585:1;10.5369:1;10.5153:1;10.4937:1;10.4721:1;10.4505:1;10.4289:1;10.4073:1;10.3857:1;10.3641:1;10.3425:1;10.321:1;10.2994:1;10.2778:1;10.2562:1;10.2346:1;10.213:1
65;0:1;0.621:1;1.2419:1;1.8629:1;2.4838:1;3.1048:1;3.7257:1;4.3467:1;4.8078:1;5.1587:1;5.5097:1;5.8607:1;6.1158:1;6.3587:1;6.6017:1;6.8348:1;7.0238:1;7.2127:1;7.4017:1;7.5907:1;7.7797:1;7.9687:1;8.1577:1;8.3257:1;8.4877:1;8.6497:1;8.8078:1;8.9158:1;9.0238:1;9.1317:1;9.2596:1;9.4216:1;9.5836:1;9.7456:1;9.8896:1;10.0246:1;10.1596:1;10.2946:1;10.4555:1;10.6175:1;10.7795:1;10.9069:1;10.9339:1;10.9609:1;10.9879:1;11.0149:1;11.0419:1;11.0689:1;11.0959:1;11.1:1;11.1:1;11.1:1;11.1156:1;11.2235:1;11.3315:1;11.4395:1;11.4905:1;11.4689:1;11.4473:1;11.4257:1;11.4041:1;11.3825:1;11.3609:1;11.3393:1;11.3177:1;11.2961:1;11.2745:1;11.2529:1;11.2313:1;11.2097:1;11.1881:1;11.1665:1;11.1449:1;11.1233:1;11.1017:1;11.0901:1;11.0793:1;11.0685:1;11.0577:1;11.0469:1;11.0361:1;11.0253:1;11.0145:1;11.0037:1;10.9929:1;10.9821:1;10.9713:1;10.9605:1;10.9497:1;10.9389:1;10.9281:1;10.9173:1;10.9065:1
70;0:1;0.621:1;1.2419:1;1.8629:1;2.4838:1;3.1048:1;3.7257:1;4.3467:1;4.8238:1;5.2017:1;5.5797:1;5.9577:1;6.2397:1;6.5097:1;6.7797:1;7.0348:1;7.2238:1;7.4127:1;7.6017:1;7.8037:1;8.0197:1;8.2356:1;8.4516:1;8.6257:1;8.7877:1;8.9497:1;9.1136:1;9.3026:1;9.4916:1;9.6806:1;9.8596:1;10.0216:1;10.1836:1;10.3456:1;10.4896:1;10.6246:1;10.7596:1;10.8946:1;11.0037:1;11.1117:1;11.2197:1;11.3207:1;11.4017:1;11.4827:1;11.5637:1;11.6298:1;11.6838:1;11.7378:1;11.7918:1;11.8:1;11.8:1;11.8:1;11.8117:1;11.8927:1;11.9737:1;12.0546:1;12.0905:1;12.0689:1;12.0473:1;12.0257:1;12.0041:1;11.9825:1;11.9609:1;11.9393:1;11.9177:1;11.8961:1;11.8745:1;11.8529:1;11.8313:1;11.8097:1;11.7881:1;11.7665:1;11.7449:1;11.7233:1;11.7017:1;11.6851:1;11.6689:1;11.6527:1;11.6365:1;11.6203:1;11.6041:1;11.5879:1;11.5717:1;11.5555:1;11.5393:1;11.5231:1;11.5069:1;11.4907:1;11.4745:1;11.4583:1;11.4421:1;11.4259:1;11.4097:1
75;0:1;0.6344:1;1.2689:1;1.9033:1;2.5378:1;3.1722:1;3.8067:1;4.4411:1;4.9238:1;5.3017:1;5.6797:1;6.0577:1;6.3158:1;6.5587:1;6.8017:1;7.0497:1;7.3197:1;7.5896:1;7.8596:1;8.1037:1;8.3197:1;8.5356:1;8.7516:1;8.9467:1;9.1356:1;9.3246:1;9.5156:1;9.7315:1;9.9475:1;10.1635:1;10.3596:1;10.5216:1;10.6836:1;10.8456:1;10.9717:1;11.0797:1;11.1877:1;11.2957:1;11.4555:1;11.6175:1;11.7795:1;11.9138:1;11.9678:1;12.0218:1;12.0758:1;12.1298:1;12.1838:1;12.2378:1;12.2918:1;12.3:1;12.3:1;12.3:1;12.3156:1;12.4235:1;12.5315:1;12.6395:1;12.6905:1;12.6689:1;12.6473:1;12.6257:1;12.6041:1;12.5825:1;12.5609:1;12.5393:1;12.5177:1;12.4961:1;12.4745:1;12.4529:1;12.4313:1;12.4097:1;12.3881:1;12.3665:1;12.3449:1;12.3233:1;12.3017:1;12.2801:1;12.2585:1;12.2369:1;12.2153:1;12.1937:1;12.1721:1;12.1505:1;12.1289:1;12.1073:1;12.0857:1;12.0641:1;12.0425:1;12.021:1;11.9994:1;11.9778:1;11.9562:1;11.9346:1;11.913:1
78;0:1;0.6263:1;1.2527:1;1.879:1;2.5054:1;3.1317:1;3.7581:1;4.3844:1;4.8733:1;5.2675:1;5.6617:1;6.0559:1;6.3158:1;6.5587:1;6.8017:1;7.0556:1;7.358:1;7.6604:1;7.9628:1;8.2237:1;8.4397:1;8.6556:1;8.8716:1;9.0918:1;9.3132:1;9.5346:1;9.7567:1;9.9889:1;10.2211:1;10.4533:1;10.6537:1;10.7994:1;10.9452:1;11.091:1;11.2117:1;11.3197:1;11.4277:1;11.5357:1;11.6955:1;11.8575:1;12.0195:1;12.1497:1;12.1875:1;12.2253:1;12.2631:1;12.3277:1;12.4141:1;12.5005:1;12.5869:1;12.6:1;12.6:1;12.6:1;12.6132:1;12.705:1;12.7968:1;12.8886:1;12.9305:1;12.9089:1;12.8873:1;12.8657:1;12.8441:1;12.8225:1;12.8009:1;12.7793:1;12.7577:1;12.7361:1;12.7145:1;12.6929:1;12.6713:1;12.6497:1;12.6281:1;12.6065:1;12.5849:1;12.5633:1;12.5417:1;12.5201:1;12.4985:1;12.4769:1;12.4553:1;12.4337:1;12.4121:1;12.3905:1;12.3689:1;12.3473:1;12.3257:1;12.3041:1;12.2825:1;12.261:1;12.2394:1;12.2178:1;12.1962:1;12.1746:1;12.153:1
79;0:1;0.629:2;1.2581:2;1.8871:2;2.5162:2;3.1452:2;3.7743:2;4.4033:2;4.8933:2;5.2875:2;5.6817:2;6.0759:2;6.3358:2;6.5787:2;6.8217:2;7.0576:1;7.3708:1;7.684:1;7.9971:1;8.2637:1;8.4797:1;8.6956:1;8.9116:1;9.1402:1;9.3724:1;9.6045:1;9.8371:1;10.0747:1;10.3123:1;10.5498:1;10.7517:1;10.8921:1;11.0324:1;11.1728:1;11.2917:1;11.3997:1;11.5077:1;11.6157:1;11.7755:1;11.9375:1;12.0995:1;12.2283:1;12.2607:1;12.2931:1;12.3255:1;12.3937:1;12.4908:1;12.588:1;12.6852:1;12.7:1;12.7:1;12.7:1;12.7124:1;12.7988:1;12.8852:1;12.9716:1;13.0105:1;12.9889:1;12.9673:1;12.9457:1;12.9241:1;12.9025:1;12.8809:1;12.8593:1;12.8377:1;12.8161:1;12.7945:1;12.7729:1;12.7513:1;12.7297:1;12.7081:1;12.6865:1;12.6649:1;12.6433:1;12.6217:1;12.6001:1;12.5785:1;12.5569:1;12.5353:1;12.5137:1;12.4921:1;12.4705:1;12.4489:1;12.4273:1;12.4057:1;12.3841:1;12.3625:1;12.341:1;12.3194:1;12.2978:1;12.2762:1;12.2546:1;12.233:1
80;0:1;0.6344:2;1.2689:2;1.9033:2;2.5378:2;3.1722:2;3.8067:2;4.4411:2;4.9397:2;5.3447:2;5.7497:2;6.1546:2;6.4158:2;6.6587:2;6.9017:2;7.1348:2;7.3836:1;7.7076:1;8.0315:1;8.3037:1;8.5197:1;8.7356:1;8.9516:1;9.1886:1;9.4315:1;9.6745:1;9.9175:1;10.1605:1;10.4035:1;10.6464:1;10.8497:1;10.9847:1;11.1197:1;11.2546:1;11.3717:1;11.4797:1;11.5877:1;11.6957:1;11.8555:1;12.0175:1;12.1795:1;12.3069:1;12.3339:1;12.3609:1;12.3879:1;12.4596:1;12.5676:1;12.6756:1;12.7836:1;12.8:1;12.8:1;12.8:1;12.8117:1;12.8927:1;12.9737:1;13.0546:1;13.0905:1;13.0689:1;13.0473:1;13.0257:1;13.0041:1;12.9825:1;12.9609:1;12.9393:1;12.9177:1;12.8961:1;12.8745:1;12.8529:1;12.8313:1;12.8097:1;12.7881:1;12.7665:1;12.7449:1;12.7233:1;12.7017:1;12.6801:1;12.6585:1;12.6369:1;12.6153:1;12.5937:1;12.5721:1;12.5505:1;12.5289:1;12.5073:1;12.4857:1;12.4641:1;12.4425:1;12.421:1;12.3994:1;12.3778:1;12.3562:1;12.3346:1;12.313:1
81;0:1;0.6371:2;1.2743:2;1.9114:2;2.5486:2;3.1857:2;3.8229:2;4.46:2;4.9565:2;5.3561:2;5.7557:2;6.1552:2;6.4254:2;6.6791:2;6.9329:2;7.1787:2;7.3964:1;7.7311:1;8.0659:1;8.3463:1;8.5676:1;8.789:1;9.0104:1;9.2486:1;9.4915:1;9.7345:1;9.9775:1;10.2205:1;10.4635:1;10.7064:1;10.9117:1;11.0521:1;11.1924:1;11.3328:1;11.4517:1;11.5597:1;11.6677:1;11.7757:1;11.9251:1;12.0763:1;12.2275:1;12.3483:1;12.3807:1;12.4131:1;12.4455:1;12.5226:1;12.636:1;12.7494:1;12.8628:1;12.8846:1;12.89:1;12.8954:1;12.9117:1;12.9927:1;13.0737:1;13.1546:1;13.19:1;13.1673:1;13.1447:1;13.122:1;13.0993:1;13.0766:1;13.054:1;13.0313:1;13.0086:1;12.9859:1;12.9632:1;12.9406:1;12.9179:1;12.8952:1;12.8725:1;12.8498:1;12.8272:1;12.8045:1;12.7818:1;12.7611:1;12.7406:1;12.7201:1;12.6996:1;12.679:1;12.6585:1;12.638:1;12.6175:1;12.597:1;12.5765:1;12.5559:1;12.5354:1;12.5149:1;12.4944:1;12.4739:1;12.4533:1;12.4328:1;12.4123:1
82;0:1;0.6398:2;1.2797:2;1.9195:2;2.5594:2;3.1992:2;3.8391:2;4.4789:2;4.9733:2;5.3675:2;5.7617:2;6.1559:2;6.4349:2;6.6995:2;6.9641:2;7.2227:2;7.4549:2;7.7547:1;8.1003:1;8.3889:1;8.6156:1;8.8424:1;9.0692:1;9.3086:1;9.5515:1;9.7945:1;10.0375:1;10.2805:1;10.5235:1;10.7664:1;10.9737:1;11.1194:1;11.2652:1;11.411:1;11.5317:1;11.6397:1;11.7477:1;11.8557:1;11.9948:1;12.1352:1;12.2756:1;12.3897:1;12.4275:1;12.4653:1;12.5031:1;12.5856:1;12.7044:1;12.8232:1;12.9419:1;12.9692:1;12.98:1;12.9908:1;13.0117:1;13.0927:1;13.1737:1;13.2546:1;13.2895:1;13.2658:1;13.242:1;13.2183:1;13.1945:1;13.1708:1;13.147:1;13.1232:1;13.0995:1;13.0757:1;13.052:1;13.0282:1;13.0044:1;12.9807:1;12.9569:1;12.9332:1;12.9094:1;12.8857:1;12.8619:1;12.8421:1;12.8227:1;12.8032:1;12.7838:1;12.7644:1;12.7449:1;12.7255:1;12.706:1;12.6866:1;12.6672:1;12.6477:1;12.6283:1;12.6089:1;12.5894:1;12.57:1;12.5505:1;12.5311:1;12.5117:1
83;0:1;0.6425:2;1.2851:2;1.9276:2;2.5702:2;3.2127:2;3.8553:2;4.4978:2;4.9902:2;5.3789:2;5.7677:2;6.1565:2;6.4445:2;6.7199:2;6.9953:2;7.2667:2;7.5205:2;7.7783:1;8.1347:1;8.4314:1;8.6636:1;8.8958:1;9.128:1;9.3686:1;9.6115:1;9.8545:1;10.0975:1;10.3405:1;10.5835:1;10.8264:1;11.0356:1;11.1868:1;11.338:1;11.4892:1;11.6117:1;11.7197:1;11.8277:1;11.9357:1;12.0644:1;12.194:1;12.3236:1;12.4311:1;12.4743:1;12.5175:1;12.5606:1;12.6486:1;12.7727:1;12.8969:1;13.0211:1;13.0537:1;13.0699:1;13.0861:1;13.1117:1;13.1927:1;13.2737:1;13.3546:1;13.3891:1;13.3642:1;13.3394:1;13.3146:1;13.2897:1;13.2649:1;13.24:1;13.2152:1;13.1904:1;13.1655:1;13.1407:1;13.1159:1;13.091:1;13.0662:1;13.0413:1;13.0165:1;12.9917:1;12.9668:1;12.942:1;12.9231:1;12.9048:1;12.8864:1;12.868:1;12.8497:1;12.8313:1;12.813:1;12.7946:1;12.7762:1;12.7579:1;12.7395:1;12.7212:1;12.7028:1;12.6844:1;12.6661:1;12.6477:1;12.6294:1;12.611:1
84;0:1;0.6452:2;1.2905:2;1.9357:2;2.581:2;3.2262:2;3.8715:2;4.5167:2;5.007:2;5.3903:2;5.7737:2;6.1571:2;6.4541:2;6.7403:2;7.0265:2;7.3107:2;7.586:2;7.8614:2;8.1691:1;8.474:1;8.7116:1;8.9492:1;9.1868:1;9.4286:1;9.6715:1;9.9145:1;10.1575:1;10.4005:1;10.6435:1;10.8864:1;11.0976:1;11.2542:1;11.4108:1;11.5674:1;11.6917:1;11.7997:1;11.9077:1;12.0157:1;12.134:1;12.2528:1;12.3716:1;12.4724:1;12.521:1;12.5696:1;12.6182:1;12.7115:1;12.8411:1;12.9707:1;13.1003:1;13.1383:1;13.1599:1;13.1815:1;13.2117:1;13.2927:1;13.3737:1;13.4546:1;13.4886:1;13.4627:1;13.4368:1;13.4108:1;13.3849:1;13.359:1;13.3331:1;13.3072:1;13.2813:1;13.2553:1;13.2294:1;13.2035:1;13.1776:1;13.1517:1;13.1257:1;13.0998:1;13.0739:1;13.048:1;13.0221:1;13.0041:1;12.9868:1;12.9695:1;12.9523:1;12.935:1;12.9177:1;12.9004:1;12.8832:1;12.8659:1;12.8486:1;12.8313:1;12.814:1;12.7968:1;12.7795:1;12.7622:1;12.7449:1;12.7276:1;12.7104:1
85;0:1;0.6479:2;1.2959:2;1.9438:2;2.5918:2;3.2397:2;3.8877:2;4.5356:2;5.0238:2;5.4017:2;5.7797:2;6.1577:2;6.4637:2;6.7607:2;7.0577:2;7.3546:2;7.6516:2;7.9486:2;8.2456:2;8.5166:1;8.7596:1;9.0026:1;9.2456:1;9.4886:1;9.7315:1;9.9745:1;10.2175:1;10.4605:1;10.7035:1;10.9464:1;11.1596:1;11.3216:1;11.4836:1;11.6456:1;11.7717:1;11.8797:1;11.9877:1;12.0957:1;12.2037:1;12.3117:1;12.4197:1;12.5138:1;12.5678:1;12.6218:1;12.6758:1;12.7745:1;12.9095:1;13.0445:1;13.1795:1;13.2229:1;13.2499:1;13.2769:1;13.3117:1;13.3927:1;13.4737:1;13.5546:1;13.5881:1;13.5611:1;13.5341:1;13.5071:1;13.4801:1;13.4531:1;13.4261:1;13.3991:1;13.3721:1;13.3451:1;13.3181:1;13.2911:1;13.2641:1;13.2371:1;13.2102:1;13.1832:1;13.1562:1;13.1292:1;13.1022:1;13.0851:1;13.0689:1;13.0527:1;13.0365:1;13.0203:1;13.0041:1;12.9879:1;12.9717:1;12.9555:1;12.9393:1;12.9231:1;12.9069:1;12.8907:1;12.8745:1;12.8583:1;12.8421:1;12.8259:1;12.8097:1
86;0:1;0.6479:2;1.2959:2;1.9438:2;2.5918:2;3.2397:2;3.8877:2;4.5356:2;5.0238:2;5.4017:2;5.7797:2;6.1577:2;6.4637:2;6.7607:2;7.0577:2;7.3546:2;7.6516:2;7.9486:2;8.2456:2;8.5218:2;8.7756:2;9.0294:2;9.2832:2;9.5369:2;9.7907:2;10.0445:2;10.2971:2;10.5347:2;10.7723:2;11.0098:2;11.1836:1;11.3564:1;11.5292:1;11.7019:1;11.8317:1;11.9397:1;12.0477:1;12.1557:1;12.2637:1;12.3717:1;12.4797:1;12.5752:1;12.6346:1;12.694:1;12.7534:1;12.8545:1;12.9895:1;13.1245:1;13.2595:1;13.3075:1;13.3399:1;13.3723:1;13.4132:1;13.505:1;13.5968:1;13.6886:1;13.7281:1;13.7011:1;13.6741:1;13.6471:1;13.6201:1;13.5931:1;13.5661:1;13.5391:1;13.5121:1;13.4851:1;13.4581:1;13.4311:1;13.4041:1;13.3771:1;13.3502:1;13.3232:1;13.2962:1;13.2692:1;13.2422:1;13.2221:1;13.2027:1;13.1832:1;13.1638:1;13.1444:1;13.1249:1;13.1055:1;13.086:1;13.0666:1;13.0472:1;13.0277:1;13.0083:1;12.9889:1;12.9694:1;12.95:1;12.9305:1;12.9111:1;12.8917:1
87;0:1;0.6479:2;1.2959:2;1.9438:2;2.5918:2;3.2397:2;3.8877:2;4.5356:2;5.0238:2;5.4017:2;5.7797:2;6.1577:2;6.4637:2;6.7607:2;7.0577:2;7.3546:2;7.6516:2;7.9486:2;8.2456:2;8.527:2;8.7916:2;9.0562:2;9.3207:2;9.5853:2;9.8499:2;10.1145:2;10.3767:2;10.6089:2;10.8411:2;11.0733:2;11.2076:1;11.3911:1;11.5747:1;11.7583:1;11.8917:1;11.9997:1;12.1077:1;12.2157:1;12.3237:1;12.4317:1;12.5397:1;12.6366:1;12.7014:1;12.7662:1;12.831:1;12.9345:1;13.0695:1;13.2045:1;13.3395:1;13.3921:1;13.4298:1;13.4676:1;13.5148:1;13.6174:1;13.72:1;13.8225:1;13.8681:1;13.8411:1;13.8141:1;13.7871:1;13.7601:1;13.7331:1;13.7061:1;13.6791:1;13.6521:1;13.6251:1;13.5981:1;13.5711:1;13.5441:1;13.5171:1;13.4902:1;13.4632:1;13.4362:1;13.4092:1;13.3822:1;13.3591:1;13.3365:1;13.3138:1;13.2911:1;13.2684:1;13.2457:1;13.2231:1;13.2004:1;13.1777:1;13.155:1;13.1324:1;13.1097:1;13.087:1;13.0643:1;13.0416:1;13.019:1;12.9963:1;12.9736:1
88;0:1;0.6479:2;1.2959:2;1.9438:2;2.5918:2;3.2397:2;3.8877:2;4.5356:2;5.0238:2;5.4017:2;5.7797:2;6.1577:2;6.4637:2;6.7607:2;7.0577:2;7.3546:2;7.6516:2;7.9486:2;8.2456:2;8.5322:2;8.8076:2;9.0829:2;9.3583:2;9.6337:2;9.9091:2;10.1844:2;10.4563:2;10.6831:2;10.9099:2;11.1367:2;11.2502:2;11.4259:1;11.6203:1;11.8147:1;11.9517:1;12.0597:1;12.1677:1;12.2757:1;12.3837:1;12.4917:1;12.5997:1;12.698:1;12.7682:1;12.8384:1;12.9086:1;13.0145:1;13.1495:1;13.2845:1;13.4195:1;13.4766:1;13.5198:1;13.563:1;13.6163:1;13.7297:1;13.8431:1;13.9565:1;14.0081:1;13.9811:1;13.9541:1;13.9271:1;13.9001:1;13.8731:1;13.8461:1;13.8191:1;13.7921:1;13.7651:1;13.7381:1;13.7111:1;13.6841:1;13.6571:1;13.6302:1;13.6032:1;13.5762:1;13.5492:1;13.5222:1;13.4962:1;13.4702:1;13.4443:1;13.4184:1;13.3925:1;13.3666:1;13.3406:1;13.3147:1;13.2888:1;13.2629:1;13.237:1;13.2111:1;13.1851:1;13.1592:1;13.1333:1;13.1074:1;13.0815:1;13.0556:1
90;0:1;0.6479:2;1.2959:2;1.9438:2;2.5918:2;3.2397:2;3.8877:2;4.5356:2;5.0238:2;5.4017:2;5.7797:2;6.1577:2;6.4637:2;6.7607:2;7.0577:2;7.3546:2;7.6516:2;7.9486:2;8.2456:2;8.5425:2;8.8395:2;9.1365:2;9.4335:2;9.7305:2;10.0274:2;10.3244:2;10.6156:2;10.8315:2;11.0475:2;11.2635:2;11.3901:2;11.4955:1;11.7114:1;11.9274:1;12.0717:1;12.1797:1;12.2877:1;12.3957:1;12.5037:1;12.6117:1;12.7197:1;12.8207:1;12.9017:1;12.9827:1;13.0637:1;13.1745:1;13.3095:1;13.4445:1;13.5795:1;13.6458:1;13.6998:1;13.7538:1;13.8194:1;13.9544:1;14.0894:1;14.2244:1;14.2881:1;14.2611:1;14.2341:1;14.2071:1;14.1801:1;14.1531:1;14.1261:1;14.0991:1;14.0721:1;14.0451:1;14.0181:1;13.9911:1;13.9641:1;13.9371:1;13.9102:1;13.8832:1;13.8562:1;13.8292:1;13.8022:1;13.7702:1;13.7378:1;13.7054:1;13.673:1;13.6406:1;13.6082:1;13.5758:1;13.5434:1;13.511:1;13.4786:1;13.4462:1;13.4138:1;13.3814:1;13.349:1;13.3166:1;13.2842:1;13.2518:1;13.2194:1
91;0:1;0.6479:2;1.2959:2;1.9438:2;2.5918:2;3.2397:2;3.8877:2;4.5356:2;5.0238:2;5.4017:2;5.7797:2;6.1577:2;6.4685:2;6.7709:2;7.0733:2;7.3746:2;7.6716:2;7.9686:2;8.2656:2;8.5625:2;8.8595:2;9.1565:2;9.4535:2;9.7546:2;10.057:2;10.3594:2;10.6544:2;10.8542:2;11.054:2;11.2537:2;11.3879:2;11.4429:1;11.6642:1;11.8856:1;12.0532:1;12.1936:1;12.334:1;12.4744:1;12.5837:1;12.6917:1;12.7997:1;12.9021:1;12.9885:1;13.0749:1;13.1613:1;13.2745:1;13.4095:1;13.5445:1;13.6795:1;13.7504:1;13.8098:1;13.8692:1;13.9387:1;14.0683:1;14.1978:1;14.3274:1;14.3886:1;14.3627:1;14.3368:1;14.3108:1;14.2849:1;14.259:1;14.2331:1;14.2072:1;14.1813:1;14.1553:1;14.1294:1;14.1035:1;14.0776:1;14.0517:1;14.0257:1;13.9998:1;13.9739:1;13.948:1;13.9221:1;13.8892:1;13.8557:1;13.8222:1;13.7888:1;13.7553:1;13.7218:1;13.6883:1;13.6549:1;13.6214:1;13.5879:1;13.5544:1;13.521:1;13.4875:1;13.454:1;13.4205:1;13.387:1;13.3536:1;13.3201:1
92;0:1;0.6479:2;1.2959:2;1.9438:2;2.5918:2;3.2397:2;3.8877:2;4.5356:2;5.0238:2;5.4017:2;5.7797:2;6.1577:2;6.4733:2;6.7811:2;7.0889:2;7.3946:2;7.6916:2;7.9886:2;8.2856:2;8.5825:2;8.8795:2;9.1765:2;9.4735:2;9.7788:2;10.0866:2;10.3944:2;10.6932:2;10.8768:2;11.0604:2;11.244:2;11.3858:2;11.456:2;11.617:1;11.8438:1;12.0347:1;12.2075:1;12.3803:1;12.5531:1;12.6637:1;12.7717:1;12.8797:1;12.9835:1;13.0753:1;13.1671:1;13.2589:1;13.3745:1;13.5095:1;13.6445:1;13.7795:1;13.8549:1;13.9197:1;13.9845:1;14.0579:1;14.1821:1;14.3063:1;14.4305:1;14.4891:1;14.4642:1;14.4394:1;14.4146:1;14.3897:1;14.3649:1;14.34:1;14.3152:1;14.2904:1;14.2655:1;14.2407:1;14.2159:1;14.191:1;14.1662:1;14.1413:1;14.1165:1;14.0917:1;14.0668:1;14.042:1;14.0082:1;13.9737:1;13.9391:1;13.9045:1;13.87:1;13.8354:1;13.8009:1;13.7663:1;13.7317:1;13.6972:1;13.6626:1;13.6281:1;13.5935:1;13.559:1;13.5244:1;13.4898:1;13.4553:1;13.4207:1
93;0:1;0.6479:2;1.2959:2;1.9438:2;2.5918:2;3.2397:2;3.8877:2;4.5356:2;5.0238:2;5.4017:2;5.7797:2;6.1577:2;6.4781:2;6.7913:2;7.1044:2;7.4146:2;7.7116:2;8.0086:2;8.3056:2;8.6025:2;8.8995:2;9.1965:2;9.4935:2;9.803:2;10.1162:2;10.4294:2;10.7321:2;10.8994:2;11.0668:2;11.2342:2;11.3837:2;11.5025:2;11.6213:2;11.802:1;12.0162:1;12.2214:1;12.4266:1;12.6318:1;12.7437:1;12.8517:1;12.9597:1;13.0649:1;13.1621:1;13.2593:1;13.3565:1;13.4745:1;13.6095:1;13.7445:1;13.8795:1;13.9595:1;14.0297:1;14.0999:1;14.1771:1;14.2959:1;14.4147:1;14.5335:1;14.5895:1;14.5658:1;14.542:1;14.5183:1;14.4945:1;14.4708:1;14.447:1;14.4232:1;14.3995:1;14.3757:1;14.352:1;14.3282:1;14.3044:1;14.2807:1;14.2569:1;14.2332:1;14.2094:1;14.1857:1;14.1619:1;14.1272:1;14.0916:1;14.0559:1;14.0203:1;13.9847:1;13.949:1;13.9134:1;13.8778:1;13.8421:1;13.8065:1;13.7708:1;13.7352:1;13.6996:1;13.6639:1;13.6283:1;13.5927:1;13.557:1;13.5214:1
94;0:1;0.6479:2;1.2959:2;1.9438:2;2.5918:2;3.2397:2;3.8877:2;4.5356:2;5.0238:2;5.4017:2;5.7797:2;6.1577:2;6.4829:2;6.8015:2;7.12:2;7.4346:2;7.7316:2;8.0286:2;8.3256:2;8.6225:2;8.9195:2;9.2165:2;9.5135:2;9.8272:2;10.1458:2;10.4644:2;10.7709:2;10.9221:2;11.0733:2;11.2244:2;11.3816:2;11.549:2;11.7164:2;11.8838:2;11.9978:1;12.2353:1;12.4729:1;12.7105:1;12.8237:1;12.9317:1;13.0397:1;13.1463:1;13.2489:1;13.3514:1;13.454:1;13.5745:1;13.7095:1;13.8445:1;13.9795:1;14.0641:1;14.1397:1;14.2153:1;14.2963:1;14.4097:1;14.5231:1;14.6365:1;14.69:1;14.6673:1;14.6447:1;14.622:1;14.5993:1;14.5766:1;14.554:1;14.5313:1;14.5086:1;14.4859:1;14.4632:1;14.4406:1;14.4179:1;14.3952:1;14.3725:1;14.3498:1;14.3272:1;14.3045:1;14.2818:1;14.2462:1;14.2095:1;14.1728:1;14.1361:1;14.0994:1;14.0626:1;14.0259:1;13.9892:1;13.9525:1;13.9158:1;13.879:1;13.8423:1;13.8056:1;13.7689:1;13.7322:1;13.6955:1;13.6587:1;13.622:1
95;0:1;0.6479:2;1.2959:2;1.9438:2;2.5918:2;3.2397:2;3.8877:2;4.5356:2;5.0238:2;5.4017:2;5.7797:2;6.1577:2;6.4877:2;6.8117:2;7.1356:2;7.4546:2;7.7516:2;8.0486:2;8.3456:2;8.6425:2;8.9395:2;9.2365:2;9.5335:2;9.8514:2;10.1754:2;10.4994:2;10.8097:2;10.9447:2;11.0797:2;11.2147:2;11.3795:2;11.5955:2;11.8114:2;12.0274:2;12.1179:2;12.2492:1;12.5192:1;12.7892:1;12.9037:1;13.0117:1;13.1197:1;13.2276:1;13.3356:1;13.4436:1;13.5516:1;13.6745:1;13.8095:1;13.9445:1;14.0795:1;14.1687:1;14.2497:1;14.3307:1;14.4156:1;14.5235:1;14.6315:1;14.7395:1;14.7905:1;14.7689:1;14.7473:1;14.7257:1;14.7041:1;14.6825:1;14.6609:1;14.6393:1;14.6177:1;14.5961:1;14.5745:1;14.5529:1;14.5313:1;14.5097:1;14.4881:1;14.4665:1;14.4449:1;14.4233:1;14.4017:1;14.3652:1;14.3274:1;14.2896:1;14.2518:1;14.214:1;14.1762:1;14.1384:1;14.1006:1;14.0629:1;14.0251:1;13.9873:1;13.9495:1;13.9117:1;13.8739:1;13.8361:1;13.7983:1;13.7605:1;13.7227:1
96;0:1;0.6452:2;1.2905:2;1.9357:2;2.581:2;3.2262:2;3.8715:2;4.5167:2;5.007:2;5.3903:2;5.7737:2;6.1571:2;6.4925:2;6.8219:2;7.1512:2;7.4737:2;7.7652:2;8.0568:2;8.3484:2;8.6451:2;8.9475:2;9.2499:2;9.5523:2;9.8714:2;10.1954:2;10.5194:2;10.8301:2;10.9705:2;11.1109:2;11.2513:2;11.4195:2;11.6355:2;11.8514:2;12.0674:2;12.1759:2;12.2403:1;12.5048:1;12.7694:1;12.9044:1;13.034:1;13.1636:1;13.2904:1;13.4092:1;13.528:1;13.6468:1;13.7686:1;13.8927:1;14.0169:1;14.1411:1;14.2333:1;14.3197:1;14.406:1;14.4948:1;14.5974:1;14.7:1;14.8025:1;14.8505:1;14.8289:1;14.8073:1;14.7857:1;14.7641:1;14.7425:1;14.7209:1;14.6993:1;14.6777:1;14.6561:1;14.6345:1;14.6129:1;14.5913:1;14.5697:1;14.5481:1;14.5265:1;14.5049:1;14.4833:1;14.4617:1;14.4282:1;14.3937:1;14.3591:1;14.3245:1;14.29:1;14.2554:1;14.2209:1;14.1863:1;14.1517:1;14.1172:1;14.0826:1;14.0481:1;14.0135:1;13.979:1;13.9444:1;13.9098:1;13.8753:1;13.8407:1
97;0:1;0.6425:2;1.2851:2;1.9276:2;2.5702:2;3.2127:2;3.8553:2;4.4978:2;4.9902:2;5.3789:2;5.7677:2;6.1565:2;6.4973:2;6.8321:2;7.1668:2;7.4927:2;7.7788:2;8.065:2;8.3512:2;8.6477:2;8.9555:2;9.2633:2;9.5711:2;9.8914:2;10.2154:2;10.5394:2;10.8505:2;10.9963:2;11.1421:2;11.2879:2;11.4595:2;11.6755:2;11.8914:2;12.1074:2;12.2338:2;12.3148:2;12.4905:1;12.7496:1;12.9051:1;13.0563:1;13.2075:1;13.3532:1;13.4828:1;13.6124:1;13.7419:1;13.8626:1;13.976:1;14.0894:1;14.2028:1;14.2978:1;14.3896:1;14.4814:1;14.574:1;14.6712:1;14.7684:1;14.8656:1;14.9105:1;14.8889:1;14.8673:1;14.8457:1;14.8241:1;14.8025:1;14.7809:1;14.7593:1;14.7377:1;14.7161:1;14.6945:1;14.6729:1;14.6513:1;14.6297:1;14.6081:1;14.5865:1;14.5649:1;14.5433:1;14.5217:1;14.4912:1;14.4599:1;14.4286:1;14.3972:1;14.3659:1;14.3346:1;14.3033:1;14.272:1;14.2406:1;14.2093:1;14.178:1;14.1467:1;14.1154:1;14.0841:1;14.0527:1;14.0214:1;13.9901:1;13.9588:1
98;0:1;0.6398:2;1.2797:2;1.9195:2;2.5594:2;3.1992:2;3.8391:2;4.4789:2;4.9733:2;5.3675:2;5.7617:2;6.1559:2;6.5021:2;6.8422:2;7.1824:2;7.5117:2;7.7924:2;8.0732:2;8.354:2;8.6503:2;8.9635:2;9.2767:2;9.5898:2;9.9114:2;10.2354:2;10.5594:2;10.8709:2;11.0221:2;11.1733:2;11.3244:2;11.4995:2;11.7155:2;11.9314:2;12.1474:2;12.2917:2;12.3997:2;12.5077:2;12.7298:1;12.9059:1;13.0787:1;13.2514:1;13.4159:1;13.5563:1;13.6967:1;13.8371:1;13.9566:1;14.0592:1;14.1618:1;14.2644:1;14.3624:1;14.4596:1;14.5568:1;14.6532:1;14.745:1;14.8368:1;14.9286:1;14.9705:1;14.9489:1;14.9273:1;14.9057:1;14.8841:1;14.8625:1;14.8409:1;14.8193:1;14.7977:1;14.7761:1;14.7545:1;14.7329:1;14.7113:1;14.6897:1;14.6681:1;14.6465:1;14.6249:1;14.6033:1;14.5817:1;14.5542:1;14.5261:1;14.498:1;14.4699:1;14.4419:1;14.4138:1;14.3857:1;14.3576:1;14.3295:1;14.3015:1;14.2734:1;14.2453:1;14.2172:1;14.1892:1;14.1611:1;14.133:1;14.1049:1;14.0768:1
99;0:1;0.6371:2;1.2743:2;1.9114:2;2.5486:2;3.1857:2;3.8229:2;4.46:2;4.9565:2;5.3561:2;5.7557:2;6.1552:2;6.5069:2;6.8524:2;7.198:2;7.5307:2;7.806:2;8.0814:2;8.3568:2;8.6529:2;8.9715:2;9.2901:2;9.6086:2;9.9314:2;10.2554:2;10.5794:2;10.8913:2;11.0479:2;11.2044:2;11.361:2;11.5395:2;11.7555:2;11.9714:2;12.1874:2;12.3496:2;12.4846:2;12.6196:2;12.7546:2;12.9066:1;13.101:1;13.2954:1;13.4787:1;13.6299:1;13.7811:1;13.9323:1;14.0507:1;14.1425:1;14.2343:1;14.326:1;14.427:1;14.5296:1;14.6322:1;14.7324:1;14.8188:1;14.9052:1;14.9916:1;15.0305:1;15.0089:1;14.9873:1;14.9657:1;14.9441:1;14.9225:1;14.9009:1;14.8793:1;14.8577:1;14.8361:1;14.8145:1;14.7929:1;14.7713:1;14.7497:1;14.7281:1;14.7065:1;14.6849:1;14.6633:1;14.6417:1;14.6171:1;14.5923:1;14.5675:1;14.5426:1;14.5178:1;14.493:1;14.4681:1;14.4433:1;14.4184:1;14.3936:1;14.3688:1;14.3439:1;14.3191:1;14.2943:1;14.2694:1;14.2446:1;14.2197:1;14.1949:1
100;0:1;0.6344:2;1.2689:2;1.9033:2;2.5378:2;3.1722:2;3.8067:2;4.4411:2;4.9397:2;5.3447:2;5.7497:2;6.1546:2;6.5117:2;6.8626:2;7.2136:2;7.5497:2;7.8197:2;8.0896:2;8.3596:2;8.6555:2;8.9795:2;9.3035:2;9.6274:2;9.9514:2;10.2754:2;10.5994:2;10.9117:2;11.0737:2;11.2356:2;11.3976:2;11.5795:2;11.7955:2;12.0114:2;12.2274:2;12.4076:2;12.5695:2;12.7315:2;12.8935:2;12.9073:1;13.1233:1;13.3393:1;13.5415:1;13.7035:1;13.8654:1;14.0274:1;14.1447:1;14.2257:1;14.3067:1;14.3877:1;14.4916:1;14.5996:1;14.7076:1;14.8117:1;14.8927:1;14.9737:1;15.0546:1;15.0905:1;15.0689:1;15.0473:1;15.0257:1;15.0041:1;14.9825:1;14.9609:1;14.9393:1;14.9177:1;14.8961:1;14.8745:1;14.8529:1;14.8313:1;14.8097:1;14.7881:1;14.7665:1;14.7449:1;14.7233:1;14.7017:1;14.6801:1;14.6585:1;14.6369:1;14.6153:1;14.5937:1;14.5721:1;14.5505:1;14.5289:1;14.5073:1;14.4857:1;14.4641:1;14.4425:1;14.421:1;14.3994:1;14.3778:1;14.3562:1;14.3346:1;14.313:1
101;0:1;0.6344:2;1.2689:2;1.9033:2;2.5378:2;3.1722:2;3.8067:2;4.4411:2;4.9365:2;5.3361:2;5.7357:2;6.1352:2;6.4965:2;6.8528:2;7.2092:2;7.5507:2;7.826:2;8.1014:2;8.3768:2;8.6729:2;8.9915:2;9.3101:2;9.6286:2;9.9514:2;10.2754:2;10.5994:2;10.9128:2;11.091:2;11.2692:2;11.4474:2;11.6375:2;11.8481:2;12.0587:2;12.2692:2;12.4476:2;12.6095:2;12.7715:2;12.9335:2;12.9556:2;13.1233:1;13.3393:1;13.5456:1;13.7238:1;13.902:1;14.0802:1;14.2077:1;14.2941:1;14.3805:1;14.4669:1;14.567:1;14.6696:1;14.7722:1;14.8724:1;14.9588:1;15.0452:1;15.1316:1;15.17:1;15.1473:1;15.1247:1;15.102:1;15.0793:1;15.0566:1;15.034:1;15.0113:1;14.9886:1;14.9659:1;14.9432:1;14.9206:1;14.8979:1;14.8752:1;14.8525:1;14.8298:1;14.8072:1;14.7845:1;14.7618:1;14.7411:1;14.7206:1;14.7001:1;14.6796:1;14.659:1;14.6385:1;14.618:1;14.5975:1;14.577:1;14.5565:1;14.5359:1;14.5154:1;14.4949:1;14.4744:1;14.4539:1;14.4333:1;14.4128:1;14.3923:1
102;0:1;0.6344:2;1.2689:2;1.9033:2;2.5378:2;3.1722:2;3.8067:2;4.4411:2;4.9333:2;5.3275:2;5.7217:2;6.1159:2;6.4813:2;6.843:2;7.2048:2;7.5517:2;7.8324:2;8.1132:2;8.394:2;8.6903:2;9.0035:2;9.3167:2;9.6298:2;9.9514:2;10.2754:2;10.5994:2;10.914:2;11.1084:2;11.3028:2;11.4971:2;11.6955:2;11.9007:2;12.1059:2;12.3111:2;12.4876:2;12.6495:2;12.8115:2;12.9735:2;13.037:2;13.1233:1;13.3393:1;13.5498:1;13.7441:1;13.9385:1;14.1329:1;14.2707:1;14.3625:1;14.4543:1;14.546:1;14.6424:1;14.7396:1;14.8368:1;14.9332:1;15.025:1;15.1168:1;15.2086:1;15.2495:1;15.2258:1;15.202:1;15.1783:1;15.1545:1;15.1308:1;15.107:1;15.0832:1;15.0595:1;15.0357:1;15.012:1;14.9882:1;14.9644:1;14.9407:1;14.9169:1;14.8932:1;14.8694:1;14.8457:1;14.8219:1;14.8021:1;14.7827:1;14.7632:1;14.7438:1;14.7244:1;14.7049:1;14.6855:1;14.666:1;14.6466:1;14.6272:1;14.6077:1;14.5883:1;14.5689:1;14.5494:1;14.53:1;14.5105:1;14.4911:1;14.4717:1
103;0:1;0.6344:2;1.2689:2;1.9033:2;2.5378:2;3.1722:2;3.8067:2;4.4411:2;4.9302:2;5.3189:2;5.7077:2;6.0965:2;6.466:2;6.8332:2;7.2004:2;7.5527:2;7.8388:2;8.125:2;8.4112:2;8.7077:2;9.0155:2;9.3233:2;9.6311:2;9.9514:2;10.2754:2;10.5994:2;10.9152:2;11.1257:2;11.3363:2;11.5469:2;11.7535:2;11.9533:2;12.1531:2;12.3529:2;12.5276:2;12.6895:2;12.8515:2;13.0135:2;13.1185:2;13.2211:2;13.3393:1;13.5539:1;13.7645:1;13.9751:1;14.1857:1;14.3337:1;14.4308:1;14.528:1;14.6252:1;14.7178:1;14.8096:1;14.9014:1;14.994:1;15.0912:1;15.1884:1;15.2856:1;15.3291:1;15.3042:1;15.2794:1;15.2546:1;15.2297:1;15.2049:1;15.18:1;15.1552:1;15.1304:1;15.1055:1;15.0807:1;15.0559:1;15.031:1;15.0062:1;14.9813:1;14.9565:1;14.9317:1;14.9068:1;14.882:1;14.8631:1;14.8448:1;14.8264:1;14.808:1;14.7897:1;14.7713:1;14.753:1;14.7346:1;14.7162:1;14.6979:1;14.6795:1;14.6612:1;14.6428:1;14.6244:1;14.6061:1;14.5877:1;14.5694:1;14.551:1
104;0:1;0.6344:2;1.2689:2;1.9033:2;2.5378:2;3.1722:2;3.8067:2;4.4411:2;4.927:2;5.3103:2;5.6937:2;6.0771:2;6.4508:2;6.8234:2;7.196:2;7.5537:2;7.8452:2;8.1368:2;8.4284:2;8.7251:2;9.0275:2;9.3299:2;9.6323:2;9.9514:2;10.2754:2;10.5994:2;10.9163:2;11.1431:2;11.3699:2;11.5967:2;11.8115:2;12.0059:2;12.2003:2;12.3947:2;12.5676:2;12.7295:2;12.8915:2;13.0535:2;13.2:2;13.3457:2;13.4915:2;13.5931:2;13.7848:1;14.0116:1;14.2384:1;14.3966:1;14.4992:1;14.6018:1;14.7044:1;14.7933:1;14.8797:1;14.966:1;15.0548:1;15.1574:1;15.26:1;15.3625:1;15.4086:1;15.3827:1;15.3568:1;15.3308:1;15.3049:1;15.279:1;15.2531:1;15.2272:1;15.2013:1;15.1753:1;15.1494:1;15.1235:1;15.0976:1;15.0717:1;15.0457:1;15.0198:1;14.9939:1;14.968:1;14.9421:1;14.9241:1;14.9068:1;14.8895:1;14.8723:1;14.855:1;14.8377:1;14.8204:1;14.8032:1;14.7859:1;14.7686:1;14.7513:1;14.734:1;14.7168:1;14.6995:1;14.6822:1;14.6649:1;14.6476:1;14.6304:1
105;0:1;0.6344:2;1.2689:2;1.9033:2;2.5378:2;3.1722:2;3.8067:2;4.4411:2;4.9238:2;5.3017:2;5.6797:2;6.0577:2;6.4356:2;6.8136:2;7.1916:2;7.5546:2;7.8516:2;8.1486:2;8.4456:2;8.7425:2;9.0395:2;9.3365:2;9.6335:2;9.9514:2;10.2754:2;10.5994:2;10.9175:2;11.1605:2;11.4035:2;11.6464:2;11.8695:2;12.0585:2;12.2475:2;12.4365:2;12.6076:2;12.7695:2;12.9315:2;13.0935:2;13.2814:2;13.4704:2;13.6594:2;13.7931:2;13.8052:1;14.0482:1;14.2911:1;14.4596:1;14.5676:1;14.6756:1;14.7836:1;14.8687:1;14.9497:1;15.0307:1;15.1156:1;15.2235:1;15.3315:1;15.4395:1;15.4881:1;15.4611:1;15.4341:1;15.4071:1;15.3801:1;15.3531:1;15.3261:1;15.2991:1;15.2721:1;15.2451:1;15.2181:1;15.1911:1;15.1641:1;15.1371:1;15.1102:1;15.0832:1;15.0562:1;15.0292:1;15.0022:1;14.9851:1;14.9689:1;14.9527:1;14.9365:1;14.9203:1;14.9041:1;14.8879:1;14.8717:1;14.8555:1;14.8393:1;14.8231:1;14.8069:1;14.7907:1;14.7745:1;14.7583:1;14.7421:1;14.7259:1;14.7097:1
106;0:1;0.629:2;1.2581:2;1.8871:2;2.5162:2;3.1452:2;3.7743:2;4.4033:2;4.887:2;5.2703:2;5.6537:2;6.0371:2;6.4156:2;6.7936:2;7.1716:2;7.5356:2;7.838:2;8.1404:2;8.4428:2;8.7425:2;9.0395:2;9.3365:2;9.6335:2;9.9514:2;10.2754:2;10.5994:2;10.9183:2;11.1721:2;11.4258:2;11.6796:2;11.9115:2;12.1059:2;12.3003:2;12.4947:2;12.6676:2;12.8295:2;12.9915:2;13.1535:2;13.3362:2;13.5198:2;13.7034:2;13.8414:2;13.8468:2;14.016:1;14.2536:1;14.4315:1;14.5611:1;14.6907:1;14.8203:1;14.9224:1;15.0196:1;15.1168:1;15.2163:1;15.3297:1;15.4431:1;15.5565:1;15.6081:1;15.5811:1;15.5541:1;15.5271:1;15.5001:1;15.4731:1;15.4461:1;15.4191:1;15.3921:1;15.3651:1;15.3381:1;15.3111:1;15.2841:1;15.2571:1;15.2302:1;15.2032:1;15.1762:1;15.1492:1;15.1222:1;15.1031:1;15.0848:1;15.0664:1;15.048:1;15.0297:1;15.0113:1;14.993:1;14.9746:1;14.9562:1;14.9379:1;14.9195:1;14.9012:1;14.8828:1;14.8644:1;14.8461:1;14.8277:1;14.8094:1;14.791:1
107;0:1;0.6237:2;1.2473:2;1.871:2;2.4946:2;3.1183:2;3.7419:2;4.3656:2;4.8502:2;5.2389:2;5.6277:2;6.0165:2;6.3956:2;6.7736:2;7.1516:2;7.5166:2;7.8244:2;8.1322:2;8.44:2;8.7425:2;9.0395:2;9.3365:2;9.6335:2;9.9514:2;10.2754:2;10.5994:2;10.919:2;11.1836:2;11.4482:2;11.7128:2;11.9535:2;12.1533:2;12.3531:2;12.5529:2;12.7276:2;12.8895:2;13.0515:2;13.2135:2;13.3911:2;13.5692:2;13.7474:2;13.8897:2;13.9275:2;13.9838:1;14.216:1;14.4035:1;14.5546:1;14.7058:1;14.857:1;14.9762:1;15.0895:1;15.2029:1;15.3171:1;15.4359:1;15.5547:1;15.6735:1;15.7281:1;15.7011:1;15.6741:1;15.6471:1;15.6201:1;15.5931:1;15.5661:1;15.5391:1;15.5121:1;15.4851:1;15.4581:1;15.4311:1;15.4041:1;15.3771:1;15.3502:1;15.3232:1;15.2962:1;15.2692:1;15.2422:1;15.2211:1;15.2006:1;15.1801:1;15.1596:1;15.139:1;15.1185:1;15.098:1;15.0775:1;15.057:1;15.0365:1;15.0159:1;14.9954:1;14.9749:1;14.9544:1;14.9339:1;14.9133:1;14.8928:1;14.8723:1
108;0:1;0.6183:2;1.2365:2;1.8548:2;2.473:2;3.0913:2;3.7095:2;4.3278:2;4.8133:2;5.2075:2;5.6017:2;5.9959:2;6.3756:2;6.7536:2;7.1316:2;7.4976:2;7.8108:2;8.124:2;8.4371:2;8.7425:2;9.0395:2;9.3365:2;9.6335:2;9.9514:2;10.2754:2;10.5994:2;10.9198:2;11.1952:2;11.4706:2;11.746:2;11.9955:2;12.2007:2;12.4059:2;12.6111:2;12.7876:2;12.9495:2;13.1115:2;13.2735:2;13.4459:2;13.6187:2;13.7914:2;13.938:2;14.0082:2;14.0784:2;14.1784:1;14.3754:1;14.5482:1;14.721:1;14.8937:1;15.0299:1;15.1595:1;15.2891:1;15.4179:1;15.5421:1;15.6663:1;15.7905:1;15.8481:1;15.8211:1;15.7941:1;15.7671:1;15.7401:1;15.7131:1;15.6861:1;15.6591:1;15.6321:1;15.6051:1;15.5781:1;15.5511:1;15.5241:1;15.4971:1;15.4702:1;15.4432:1;15.4162:1;15.3892:1;15.3622:1;15.3391:1;15.3165:1;15.2938:1;15.2711:1;15.2484:1;15.2257:1;15.2031:1;15.1804:1;15.1577:1;15.135:1;15.1124:1;15.0897:1;15.067:1;15.0443:1;15.0216:1;14.999:1;14.9763:1;14.9536:1
109;0:1;0.6129:2;1.2257:2;1.8386:2;2.4514:2;3.0643:2;3.6771:2;4.29:2;4.7765:2;5.1761:2;5.5757:2;5.9752:2;6.3556:2;6.7336:2;7.1116:2;7.4786:2;7.7972:2;8.1158:2;8.4343:2;8.7425:2;9.0395:2;9.3365:2;9.6335:2;9.9514:2;10.2754:2;10.5994:2;10.9206:2;11.2068:2;11.493:2;11.7791:2;12.0375:2;12.2481:2;12.4587:2;12.6692:2;12.8476:2;13.0095:2;13.1715:2;13.3335:2;13.5007:2;13.6681:2;13.8355:2;13.9863:2;14.0889:2;14.1914:2;14.294:2;14.3473:1;14.5417:1;14.7361:1;14.9305:1;15.0836:1;15.2294:1;15.3752:1;15.5187:1;15.6483:1;15.7778:1;15.9074:1;15.9681:1;15.9411:1;15.9141:1;15.8871:1;15.8601:1;15.8331:1;15.8061:1;15.7791:1;15.7521:1;15.7251:1;15.6981:1;15.6711:1;15.6441:1;15.6171:1;15.5902:1;15.5632:1;15.5362:1;15.5092:1;15.4822:1;15.4571:1;15.4323:1;15.4075:1;15.3826:1;15.3578:1;15.333:1;15.3081:1;15.2833:1;15.2584:1;15.2336:1;15.2088:1;15.1839:1;15.1591:1;15.1343:1;15.1094:1;15.0846:1;15.0597:1;15.0349:1
110;0:1;0.6075:2;1.2149:2;1.8224:2;2.4298:2;3.0373:2;3.6447:2;4.2522:2;4.7397:2;5.1447:2;5.5497:2;5.9546:2;6.3356:2;6.7136:2;7.0916:2;7.4596:2;7.7836:2;8.1076:2;8.4315:2;8.7425:2;9.0395:2;9.3365:2;9.6335:2;9.9514:2;10.2754:2;10.5994:2;10.9214:2;11.2184:2;11.5153:2;11.8123:2;12.0795:2;12.2955:2;12.5114:2;12.7274:2;12.9076:2;13.0695:2;13.2315:2;13.3935:2;13.5555:2;13.7175:2;13.8795:2;14.0346:2;14.1695:2;14.3045:2;14.4395:2;14.4702:2;14.5352:1;14.7512:1;14.9672:1;15.1374:1;15.2994:1;15.4613:1;15.6194:1;15.7544:1;15.8894:1;16.0244:1;16.0881:1;16.0611:1;16.0341:1;16.0071:1;15.9801:1;15.9531:1;15.9261:1;15.8991:1;15.8721:1;15.8451:1;15.8181:1;15.7911:1;15.7641:1;15.7371:1;15.7102:1;15.6832:1;15.6562:1;15.6292:1;15.6022:1;15.5752:1;15.5482:1;15.5212:1;15.4942:1;15.4672:1;15.4402:1;15.4132:1;15.3862:1;15.3592:1;15.3322:1;15.3052:1;15.2782:1;15.2512:1;15.2242:1;15.1972:1;15.1702:1;15.1432:1;15.1162:1
111;0:1;0.6075:2;1.2149:2;1.8224:2;2.4298:2;3.0373:2;3.6447:2;4.2522:2;4.7365:2;5.1361:2;5.5357:2;5.9352:2;6.3108:2;6.6834:2;7.056:2;7.4206:2;7.75:2;8.0794:2;8.4087:2;8.7251:2;9.0275:2;9.3299:2;9.6323:2;9.9514:2;10.2754:2;10.5994:2;10.9214:2;11.2184:2;11.5153:2;11.8123:2;12.0795:2;12.2955:2;12.5114:2;12.7274:2;12.9111:2;13.0785:2;13.2459:2;13.4133:2;13.5859:2;13.7587:2;13.9314:2;14.0918:2;14.216:2;14.3402:2;14.4644:2;14.514:2;14.5036:1;14.725:1;14.9463:1;15.1265:1;15.2993:1;15.4721:1;15.6418:1;15.793:1;15.9441:1;16.0953:1;16.1681:1;16.1411:1;16.1141:1;16.0871:1;16.0601:1;16.0331:1;16.0061:1;15.9791:1;15.9521:1;15.9251:1;15.8981:1;15.8711:1;15.8441:1;15.8171:1;15.7902:1;15.7632:1;15.7362:1;15.7092:1;15.6822:1;15.6552:1;15.6282:1;15.6012:1;15.5742:1;15.5472:1;15.5202:1;15.4932:1;15.4662:1;15.4392:1;15.4122:1;15.3852:1;15.3582:1;15.3312:1;15.3042:1;15.2772:1;15.2502:1;15.2232:1;15.1962:1
112;0:1;0.6075:2;1.2149:2;1.8224:2;2.4298:2;3.0373:2;3.6447:2;4.2522:2;4.7333:2;5.1275:2;5.5217:2;5.9159:2;6.286:2;6.6532:2;7.0204:2;7.3816:2;7.7164:2;8.0511:2;8.3859:2;8.7077:2;9.0155:2;9.3233:2;9.6311:2;9.9514:2;10.2754:2;10.5994:2;10.9214:2;11.2184:2;11.5153:2;11.8123:2;12.0795:2;12.2955:2;12.5114:2;12.7274:2;12.9147:2;13.0875:2;13.2603:2;13.4331:2;13.6162:2;13.7998:2;13.9834:2;14.149:2;14.2624:2;14.3758:2;14.4892:2;14.5579:2;14.5903:2;14.6987:1;14.9255:1;15.1157:1;15.2993:1;15.4829:1;15.6641:1;15.8315:1;15.9989:1;16.1663:1;16.2481:1;16.2211:1;16.1941:1;16.1671:1;16.1401:1;16.1131:1;16.0861:1;16.0591:1;16.0321:1;16.0051:1;15.9781:1;15.9511:1;15.9241:1;15.8971:1;15.8702:1;15.8432:1;15.8162:1;15.7892:1;15.7622:1;15.7352:1;15.7082:1;15.6812:1;15.6542:1;15.6272:1;15.6002:1;15.5732:1;15.5462:1;15.5192:1;15.4922:1;15.4652:1;15.4382:1;15.4112:1;15.3842:1;15.3572:1;15.3302:1;15.3032:1;15.2762:1
113;0:1;0.6075:2;1.2149:2;1.8224:2;2.4298:2;3.0373:2;3.6447:2;4.2522:2;4.7302:2;5.1189:2;5.5077:2;5.8965:2;6.2613:2;6.623:2;6.9848:2;7.3426:2;7.6828:2;8.0229:2;8.3631:2;8.6903:2;9.0035:2;9.3167:2;9.6298:2;9.9514:2;10.2754:2;10.5994:2;10.9214:2;11.2184:2;11.5153:2;11.8123:2;12.0795:2;12.2955:2;12.5114:2;12.7274:2;12.9183:2;13.0965:2;13.2747:2;13.4529:2;13.6466:2;13.841:2;14.0354:2;14.2063:2;14.3089:2;14.4114:2;14.514:2;14.6017:2;14.6773:2;14.7529:2;14.9047:1;15.1048:1;15.2992:1;15.4936:1;15.6864:1;15.87:1;16.0536:1;16.2372:1;16.3281:1;16.3011:1;16.2741:1;16.2471:1;16.2201:1;16.1931:1;16.1661:1;16.1391:1;16.1121:1;16.0851:1;16.0581:1;16.0311:1;16.0041:1;15.9771:1;15.9502:1;15.9232:1;15.8962:1;15.8692:1;15.8422:1;15.8152:1;15.7882:1;15.7612:1;15.7342:1;15.7072:1;15.6802:1;15.6532:1;15.6262:1;15.5992:1;15.5722:1;15.5452:1;15.5182:1;15.4912:1;15.4642:1;15.4372:1;15.4102:1;15.3832:1;15.3562:1
114;0:1;0.6075:2;1.2149:2;1.8224:2;2.4298:2;3.0373:2;3.6447:2;4.2522:2;4.727:2;5.1103:2;5.4937:2;5.8771:2;6.2365:2;6.5928:2;6.9492:2;7.3036:2;7.6492:2;7.9947:2;8.3403:2;8.6729:2;8.9915:2;9.3101:2;9.6286:2;9.9514:2;10.2754:2;10.5994:2;10.9214:2;11.2184:2;11.5153:2;11.8123:2;12.0795:2;12.2955:2;12.5114:2;12.7274:2;12.9219:2;13.1055:2;13.2891:2;13.4727:2;13.677:2;13.8822:2;14.0873:2;14.2635:2;14.3553:2;14.4471:2;14.5389:2;14.6456:2;14.7644:2;14.8832:2;15.0019:2;15.094:1;15.2992:1;15.5044:1;15.7088:1;15.9086:1;16.1083:1;16.3081:1;16.4081:1;16.3811:1;16.3541:1;16.3271:1;16.3001:1;16.2731:1;16.2461:1;16.2191:1;16.1921:1;16.1651:1;16.1381:1;16.1111:1;16.0841:1;16.0571:1;16.0302:1;16.0032:1;15.9762:1;15.9492:1;15.9222:1;15.8952:1;15.8682:1;15.8412:1;15.8142:1;15.7872:1;15.7602:1;15.7332:1;15.7062:1;15.6792:1;15.6522:1;15.6252:1;15.5982:1;15.5712:1;15.5442:1;15.5172:1;15.4902:1;15.4632:1;15.4362:1
115;0:1;0.6075:2;1.2149:2;1.8224:2;2.4298:2;3.0373:2;3.6447:2;4.2522:2;4.7238:2;5.1017:2;5.4797:2;5.8577:2;6.2117:2;6.5626:2;6.9136:2;7.2646:2;7.6156:2;7.9665:2;8.3175:2;8.6555:2;8.9795:2;9.3035:2;9.6274:2;9.9514:2;10.2754:2;10.5994:2;10.9214:2;11.2184:2;11.5153:2;11.8123:2;12.0795:2;12.2955:2;12.5114:2;12.7274:2;12.9255:2;13.1145:2;13.3035:2;13.4924:2;13.7073:2;13.9233:2;14.1393:2;14.3207:2;14.4017:2;14.4827:2;14.5637:2;14.6894:2;14.8514:2;15.0134:2;15.1754:2;15.1313:2;15.2991:1;15.5151:1;15.7311:1;15.9471:1;16.1631:1;16.379:1;16.4881:1;16.4611:1;16.4341:1;16.4071:1;16.3801:1;16.3531:1;16.3261:1;16.2991:1;16.2721:1;16.2451:1;16.2181:1;16.1911:1;16.1641:1;16.1371:1;16.1102:1;16.0832:1;16.0562:1;16.0292:1;16.0022:1;15.9752:1;15.9482:1;15.9212:1;15.8942:1;15.8672:1;15.8402:1;15.8132:1;15.7862:1;15.7592:1;15.7322:1;15.7052:1;15.6782:1;15.6512:1;15.6242:1;15.5972:1;15.5702:1;15.5432:1;15.5162:1
116;0:1;0.6048:2;1.2095:2;1.8143:2;2.419:2;3.0238:2;3.6285:2;4.2333:2;4.7038:2;5.0817:2;5.4597:2;5.8377:2;6.1869:2;6.5324:2;6.878:2;7.2256:2;7.5819:2;7.9383:2;8.2947:2;8.6329:2;8.9515:2;9.2701:2;9.5886:2;9.9198:2;10.2546:2;10.5893:2;10.921:2;11.2126:2;11.5041:2;11.7957:2;12.0615:2;12.2829:2;12.5042:2;12.7256:2;12.9219:2;13.1055:2;13.2891:2;13.4727:2;13.6822:2;13.8927:2;14.1033:2;14.2849:2;14.3821:2;14.4793:2;14.5765:2;14.7094:2;14.8714:2;15.0334:2;15.1954:2;15.1925:2;15.2791:1;15.4951:1;15.7142:1;15.9518:1;16.1894:1;16.427:1;16.5481:1;16.5211:1;16.4941:1;16.4671:1;16.4401:1;16.4131:1;16.3861:1;16.3591:1;16.3321:1;16.3051:1;16.2781:1;16.2511:1;16.2241:1;16.1971:1;16.1702:1;16.1432:1;16.1162:1;16.0892:1;16.0622:1;16.0352:1;16.0082:1;15.9812:1;15.9542:1;15.9272:1;15.9002:1;15.8732:1;15.8462:1;15.8192:1;15.7922:1;15.7652:1;15.7382:1;15.7112:1;15.6842:1;15.6572:1;15.6302:1;15.6032:1;15.5762:1
117;0:1;0.6021:2;1.2041:2;1.8062:2;2.4082:2;3.0103:2;3.6123:2;4.2144:2;4.6838:2;5.0617:2;5.4397:2;5.8177:2;6.1621:2;6.5022:2;6.8424:2;7.1866:2;7.5483:2;7.9101:2;8.2719:2;8.6103:2;8.9235:2;9.2367:2;9.5498:2;9.8882:2;10.2337:2;10.5793:2;10.9206:2;11.2068:2;11.493:2;11.7791:2;12.0435:2;12.2702:2;12.497:2;12.7238:2;12.9183:2;13.0965:2;13.2747:2;13.4529:2;13.657:2;13.8622:2;14.0673:2;14.249:2;14.3624:2;14.4758:2;14.5892:2;14.7294:2;14.8914:2;15.0534:2;15.2154:2;15.2537:2;15.2699:2;15.4751:1;15.6973:1;15.9565:1;16.2157:1;16.4749:1;16.6081:1;16.5811:1;16.5541:1;16.5271:1;16.5001:1;16.4731:1;16.4461:1;16.4191:1;16.3921:1;16.3651:1;16.3381:1;16.3111:1;16.2841:1;16.2571:1;16.2302:1;16.2032:1;16.1762:1;16.1492:1;16.1222:1;16.0952:1;16.0682:1;16.0412:1;16.0142:1;15.9872:1;15.9602:1;15.9332:1;15.9062:1;15.8792:1;15.8522:1;15.8252:1;15.7982:1;15.7712:1;15.7442:1;15.7172:1;15.6902:1;15.6632:1;15.6362:1
118;0:1;0.5994:2;1.1987:2;1.7981:2;2.3974:2;2.9968:2;3.5961:2;4.1955:2;4.6638:2;5.0417:2;5.4197:2;5.7977:2;6.1373:2;6.4721:2;6.8068:2;7.1476:2;7.5147:2;7.8819:2;8.2491:2;8.5877:2;8.8955:2;9.2033:2;9.5111:2;9.8565:2;10.2129:2;10.5693:2;10.9202:2;11.201:2;11.4818:2;11.7625:2;12.0254:2;12.2576:2;12.4898:2;12.722:2;12.9147:2;13.0875:2;13.2603:2;13.4331:2;13.6318:2;13.8316:2;14.0314:2;14.2132:2;14.3428:2;14.4724:2;14.6019:2;14.7494:2;14.9114:2;15.0734:2;15.2354:2;15.3149:2;15.3797:2;15.4551:1;15.6804:1;15.9612:1;16.242:1;16.5228:1;16.6681:1;16.6411:1;16.6141:1;16.5871:1;16.5601:1;16.5331:1;16.5061:1;16.4791:1;16.4521:1;16.4251:1;16.3981:1;16.3711:1;16.3441:1;16.3171:1;16.2902:1;16.2632:1;16.2362:1;16.2092:1;16.1822:1;16.1552:1;16.1282:1;16.1012:1;16.0742:1;16.0472:1;16.0202:1;15.9932:1;15.9662:1;15.9392:1;15.9122:1;15.8852:1;15.8582:1;15.8312:1;15.8042:1;15.7772:1;15.7502:1;15.7232:1;15.6962:1
119;0:1;0.5967:2;1.1933:2;1.79:2;2.3866:2;2.9833:2;3.5799:2;4.1766:2;4.6438:2;5.0217:2;5.3997:2;5.7777:2;6.1125:2;6.4419:2;6.7712:2;7.1086:2;7.4811:2;7.8537:2;8.2263:2;8.5651:2;8.8675:2;9.1699:2;9.4723:2;9.8249:2;10.1921:2;10.5593:2;10.9198:2;11.1952:2;11.4706:2;11.746:2;12.0074:2;12.245:2;12.4826:2;12.7202:2;12.9111:2;13.0785:2;13.2459:2;13.4133:2;13.6066:2;13.801:2;13.9954:2;14.1773:2;14.3231:2;14.4689:2;14.6147:2;14.7694:2;14.9314:2;15.0934:2;15.2554:2;15.3762:2;15.4895:2;15.6029:2;15.7093:2;15.9659:1;16.2683:1;16.5707:1;16.7281:1;16.7011:1;16.6741:1;16.6471:1;16.6201:1;16.5931:1;16.5661:1;16.5391:1;16.5121:1;16.4851:1;16.4581:1;16.4311:1;16.4041:1;16.3771:1;16.3502:1;16.3232:1;16.2962:1;16.2692:1;16.2422:1;16.2152:1;16.1882:1;16.1612:1;16.1342:1;16.1072:1;16.0802:1;16.0532:1;16.0262:1;15.9992:1;15.9722:1;15.9452:1;15.9182:1;15.8912:1;15.8642:1;15.8372:1;15.8102:1;15.7832:1;15.7562:1
120;0:1;0.594:2;1.1879:2;1.7819:2;2.3758:2;2.9698:2;3.5637:2;4.1577:2;4.6238:2;5.0017:2;5.3797:2;5.7577:2;6.0877:2;6.4117:2;6.7356:2;7.0695:2;7.4475:2;7.8255:2;8.2035:2;8.5425:2;8.8395:2;9.1365:2;9.4335:2;9.7933:2;10.1713:2;10.5492:2;10.9194:2;11.1894:2;11.4594:2;11.7294:2;11.9894:2;12.2324:2;12.4754:2;12.7184:2;12.9076:2;13.0695:2;13.2315:2;13.3935:2;13.5814:2;13.7704:2;13.9594:2;14.1415:2;14.3035:2;14.4654:2;14.6274:2;14.7894:2;14.9514:2;15.1134:2;15.2754:2;15.4374:2;15.5994:2;15.7613:2;15.9039:2;15.9706:1;16.2946:1;16.6186:1;16.7881:1;16.7611:1;16.7341:1;16.7071:1;16.6801:1;16.6531:1;16.6261:1;16.5991:1;16.5721:1;16.5451:1;16.5181:1;16.4911:1;16.4641:1;16.4371:1;16.4102:1;16.3832:1;16.3562:1;16.3292:1;16.3022:1;16.2752:1;16.2482:1;16.2212:1;16.1942:1;16.1672:1;16.1402:1;16.1132:1;16.0862:1;16.0592:1;16.0322:1;16.0052:1;15.9782:1;15.9512:1;15.9242:1;15.8972:1;15.8702:1;15.8432:1;15.8162:1
121;0:1;0.5859:2;1.1717:2;1.7576:2;2.3434:2;2.9293:2;3.5151:2;4.101:2;4.5702:2;4.9589:2;5.3477:2;5.7365:2;6.0629:2;6.3815:2;6.7:2;7.0286:2;7.4011:2;7.7737:2;8.1463:2;8.4825:2;8.7795:2;9.0765:2;9.3735:2;9.7375:2;10.1209:2;10.5042:2;10.8798:2;11.1552:2;11.4306:2;11.706:2;11.9694:2;12.2124:2;12.4554:2;12.6984:2;12.8947:2;13.0675:2;13.2403:2;13.4131:2;13.6014:2;13.7904:2;13.9794:2;14.1615:2;14.3235:2;14.4854:2;14.6474:2;14.8124:2;14.9798:2;15.1472:2;15.3146:2;15.459:2;15.5994:2;15.7398:2;15.8639:2;15.8909:2;16.2293:1;16.5695:1;16.7481:1;16.7211:1;16.6941:1;16.6671:1;16.6401:1;16.6131:1;16.5861:1;16.5591:1;16.5321:1;16.5051:1;16.4781:1;16.4511:1;16.4241:1;16.3971:1;16.3702:1;16.3432:1;16.3162:1;16.2892:1;16.2622:1;16.2352:1;16.2082:1;16.1812:1;16.1542:1;16.1272:1;16.1002:1;16.0732:1;16.0462:1;16.0192:1;15.9922:1;15.9652:1;15.9382:1;15.9112:1;15.8842:1;15.8572:1;15.8302:1;15.8032:1;15.7762:1
125;0:1;0.5535:2;1.1069:2;1.6604:2;2.2138:2;2.7673:2;3.3207:2;3.8742:2;4.3557:2;4.7877:2;5.2197:2;5.6516:2;5.9637:2;6.2607:2;6.5577:2;6.8646:2;7.2156:2;7.5665:2;7.9175:2;8.2425:2;8.5395:2;8.8365:2;9.1335:2;9.5143:2;9.9192:2;10.3242:2;10.7214:2;11.0184:2;11.3153:2;11.6123:2;11.8894:2;12.1324:2;12.3754:2;12.6184:2;12.8434:2;13.0594:2;13.2754:2;13.4914:2;13.6814:2;13.8704:2;14.0594:2;14.2415:2;14.4035:2;14.5654:2;14.7274:2;14.9043:2;15.0933:2;15.2823:2;15.4713:2;15.5458:2;15.5998:2;15.6538:2;15.7039:2;15.7309:2;15.9683:1;16.3732:1;16.5881:1;16.5611:1;16.5341:1;16.5071:1;16.4801:1;16.4531:1;16.4261:1;16.3991:1;16.3721:1;16.3451:1;16.3181:1;16.2911:1;16.2641:1;16.2371:1;16.2102:1;16.1832:1;16.1562:1;16.1292:1;16.1022:1;16.0752:1;16.0482:1;16.0212:1;15.9942:1;15.9672:1;15.9402:1;15.9132:1;15.8862:1;15.8592:1;15.8322:1;15.8052:1;15.7782:1;15.7512:1;15.7242:1;15.6972:1;15.6702:1;15.6432:1;15.6162:1
126;0:1;0.5454:2;1.0907:2;1.6361:2;2.1814:2;2.7268:2;3.2721:2;3.8175:2;4.2989:2;4.7363:2;5.1737:2;5.611:2;5.9333:2;6.2411:2;6.5489:2;6.8616:2;7.1964:2;7.5311:2;7.8659:2;8.1825:2;8.4795:2;8.7765:2;9.0735:2;9.4501:2;9.8496:2;10.2492:2;10.6422:2;10.9499:2;11.2577:2;11.5655:2;11.8514:2;12.0998:2;12.3482:2;12.5965:2;12.8234:2;13.0394:2;13.2554:2;13.4714:2;13.6666:2;13.861:2;14.0554:2;14.2429:2;14.4102:2;14.5776:2;14.745:2;14.9243:2;15.1133:2;15.3023:2;15.4913:2;15.5566:2;15.5998:2;15.643:2;15.6893:2;15.7541:2;15.8767:1;16.2762:1;16.49:1;16.4673:1;16.4447:1;16.422:1;16.3993:1;16.3766:1;16.354:1;16.3313:1;16.3086:1;16.2859:1;16.2632:1;16.2406:1;16.2179:1;16.1952:1;16.1725:1;16.1498:1;16.1272:1;16.1045:1;16.0818:1;16.0532:1;16.024:1;15.9949:1;15.9657:1;15.9365:1;15.9074:1;15.8782:1;15.8491:1;15.8199:1;15.7908:1;15.7616:1;15.7324:1;15.7033:1;15.6741:1;15.645:1;15.6158:1;15.5867:1;15.5575:1
127;0:1;0.5373:2;1.0745:2;1.6118:2;2.149:2;2.6863:2;3.2235:2;3.7608:2;4.2421:2;4.6849:2;5.1276:2;5.5704:2;5.9029:2;6.2215:2;6.54:2;6.8586:2;7.1772:2;7.4958:2;7.8143:2;8.1225:2;8.4195:2;8.7165:2;9.0135:2;9.3859:2;9.78:2;10.1742:2;10.5629:2;10.8815:2;11.2001:2;11.5187:2;11.8134:2;12.0672:2;12.321:2;12.5747:2;12.8034:2;13.0194:2;13.2354:2;13.4514:2;13.6518:2;13.8516:2;14.0514:2;14.2442:2;14.417:2;14.5898:2;14.7626:2;14.9443:2;15.1333:2;15.3223:2;15.5113:2;15.5675:2;15.5999:2;15.6323:2;15.6748:2;15.7774:2;15.88:2;16.1793:1;16.3919:1;16.3736:1;16.3552:1;16.3368:1;16.3185:1;16.3001:1;16.2818:1;16.2634:1;16.2451:1;16.2267:1;16.2083:1;16.19:1;16.1716:1;16.1533:1;16.1349:1;16.1165:1;16.0982:1;16.0798:1;16.0615:1;16.0312:1;15.9999:1;15.9686:1;15.9372:1;15.9059:1;15.8746:1;15.8433:1;15.812:1;15.7806:1;15.7493:1;15.718:1;15.6867:1;15.6554:1;15.6241:1;15.5927:1;15.5614:1;15.5301:1;15.4988:1
128;0:1;0.5292:2;1.0583:2;1.5875:2;2.1166:2;2.6458:2;3.1749:2;3.7041:2;4.1853:2;4.6335:2;5.0816:2;5.5298:2;5.8725:2;6.2019:2;6.5312:2;6.8556:2;7.158:2;7.4604:2;7.7628:2;8.0625:2;8.3595:2;8.6565:2;8.9535:2;9.3217:2;9.7105:2;10.0992:2;10.4837:2;10.8131:2;11.1425:2;11.4718:2;11.7754:2;12.0346:2;12.2937:2;12.5529:2;12.7834:2;12.9994:2;13.2154:2;13.4314:2;13.637:2;13.8422:2;14.0473:2;14.2456:2;14.4238:2;14.602:2;14.7802:2;14.9643:2;15.1533:2;15.3423:2;15.5313:2;15.5783:2;15.5999:2;15.6215:2;15.6602:2;15.8006:2;15.941:2;16.0823:1;16.2938:1;16.2798:1;16.2657:1;16.2517:1;16.2377:1;16.2236:1;16.2096:1;16.1956:1;16.1815:1;16.1675:1;16.1534:1;16.1394:1;16.1254:1;16.1113:1;16.0973:1;16.0832:1;16.0692:1;16.0552:1;16.0411:1;16.0092:1;15.9757:1;15.9422:1;15.9088:1;15.8753:1;15.8418:1;15.8083:1;15.7749:1;15.7414:1;15.7079:1;15.6744:1;15.641:1;15.6075:1;15.574:1;15.5405:1;15.507:1;15.4736:1;15.4401:1
129;0:1;0.5211:2;1.0421:2;1.5632:2;2.0842:2;2.6053:2;3.1263:2;3.6474:2;4.1285:2;4.5821:2;5.0356:2;5.4892:2;5.8421:2;6.1822:2;6.5224:2;6.8527:2;7.1388:2;7.425:2;7.7112:2;8.0025:2;8.2995:2;8.5965:2;8.8935:2;9.2575:2;9.6409:2;10.0242:2;10.4045:2;10.7447:2;11.0848:2;11.425:2;11.7374:2;12.0019:2;12.2665:2;12.5311:2;12.7634:2;12.9794:2;13.1954:2;13.4114:2;13.6222:2;13.8327:2;14.0433:2;14.247:2;14.4306:2;14.6142:2;14.7978:2;14.9843:2;15.1733:2;15.3623:2;15.5513:2;15.5892:2;15.6:2;15.6108:2;15.6457:2;15.8238:2;16.002:2;16.1802:2;16.2524:2;16.1898:2;16.1763:1;16.1666:1;16.1568:1;16.1471:1;16.1374:1;16.1277:1;16.118:1;16.1083:1;16.0985:1;16.0888:1;16.0791:1;16.0694:1;16.0597:1;16.0499:1;16.0402:1;16.0305:1;16.0208:1;15.9872:1;15.9516:1;15.9159:1;15.8803:1;15.8447:1;15.809:1;15.7734:1;15.7378:1;15.7021:1;15.6665:1;15.6308:1;15.5952:1;15.5596:1;15.5239:1;15.4883:1;15.4527:1;15.417:1;15.3814:1
130;0:1;0.513:2;1.0259:2;1.5389:2;2.0518:2;2.5648:2;3.0778:2;3.5907:2;4.0717:2;4.5307:2;4.9896:2;5.4486:2;5.8117:2;6.1626:2;6.5136:2;6.8497:2;7.1197:2;7.3896:2;7.6596:2;7.9425:2;8.2395:2;8.5365:2;8.8335:2;9.1933:2;9.5713:2;9.9492:2;10.3253:2;10.6762:2;11.0272:2;11.3782:2;11.6994:2;11.9693:2;12.2393:2;12.5093:2;12.7434:2;12.9594:2;13.1754:2;13.3914:2;13.6073:2;13.8233:2;14.0393:2;14.2484:2;14.4374:2;14.6263:2;14.8153:2;15.0043:2;15.1933:2;15.3823:2;15.5713:2;15.6:2;15.6:2;15.6:2;15.6311:2;15.8471:2;16.0631:2;16.279:2;16.3715:2;16.3067:2;16.2419:2;16.1771:2;16.1123:2;16.0706:1;16.0652:1;16.0598:1;16.0544:1;16.049:1;16.0436:1;16.0382:1;16.0328:1;16.0274:1;16.022:1;16.0166:1;16.0112:1;16.0058:1;16.0004:1;15.9652:1;15.9274:1;15.8896:1;15.8518:1;15.814:1;15.7762:1;15.7384:1;15.7006:1;15.6629:1;15.6251:1;15.5873:1;15.5495:1;15.5117:1;15.4739:1;15.4361:1;15.3983:1;15.3605:1;15.3227:1
131;0:1;0.5049:2;1.0097:2;1.5146:2;2.0194:2;2.5243:2;3.0292:2;3.534:2;4.0085:2;4.4621:2;4.9156:2;5.3692:2;5.7413:2;6.103:2;6.4648:2;6.8067:2;7.0605:2;7.3143:2;7.568:2;7.8451:2;8.1475:2;8.4499:2;8.7523:2;9.1091:2;9.4817:2;9.8543:2;10.2253:2;10.5762:2;10.9272:2;11.2782:2;11.6013:2;11.8767:2;12.1521:2;12.4275:2;12.667:2;12.8884:2;13.1098:2;13.3311:2;13.5577:2;13.7845:2;14.0113:2;14.2284:2;14.4174:2;14.6063:2;14.7953:2;14.9873:2;15.1817:2;15.3761:2;15.5705:2;15.5954:2;15.59:2;15.5846:2;15.6111:2;15.8271:2;16.0431:2;16.259:2;16.3539:2;16.2945:2;16.2351:2;16.1757:2;16.1163:2;16.0569:2;15.9975:2;15.992:1;15.9909:1;15.9898:1;15.9887:1;15.9876:1;15.9866:1;15.9855:1;15.9844:1;15.9833:1;15.9822:1;15.9812:1;15.9801:1;15.9452:1;15.9074:1;15.8696:1;15.8318:1;15.794:1;15.7562:1;15.7184:1;15.6806:1;15.6429:1;15.6051:1;15.5673:1;15.5295:1;15.4917:1;15.4539:1;15.4161:1;15.3783:1;15.3405:1;15.3027:1
132;0:1;0.4968:2;0.9935:2;1.4903:2;1.987:2;2.4838:2;2.9806:2;3.4773:2;3.9453:2;4.3935:2;4.8416:2;5.2898:2;5.6708:2;6.0434:2;6.416:2;6.7637:2;7.0013:2;7.2389:2;7.4765:2;7.7477:2;8.0555:2;8.3633:2;8.6711:2;9.0249:2;9.3921:2;9.7593:2;10.1253:2;10.4762:2;10.8272:2;11.1782:2;11.5033:2;11.7841:2;12.0649:2;12.3457:2;12.5906:2;12.8174:2;13.0441:2;13.2709:2;13.5081:2;13.7457:2;13.9832:2;14.2084:2;14.3974:2;14.5863:2;14.7753:2;14.9703:2;15.1701:2;15.3698:2;15.5696:2;15.5908:2;15.58:2;15.5692:2;15.5911:2;15.8071:2;16.0231:2;16.239:2;16.3362:2;16.2822:2;16.2283:2;16.1743:2;16.1203:2;16.0663:2;16.0123:2;15.9583:2;15.9273:1;15.9306:1;15.9338:1;15.9371:1;15.9403:1;15.9435:1;15.9468:1;15.95:1;15.9533:1;15.9565:1;15.9597:1;15.9252:1;15.8874:1;15.8496:1;15.8118:1;15.774:1;15.7362:1;15.6984:1;15.6606:1;15.6229:1;15.5851:1;15.5473:1;15.5095:1;15.4717:1;15.4339:1;15.3961:1;15.3583:1;15.3205:1;15.2827:1
133;0:1;0.4887:2;0.9773:2;1.466:2;1.9546:2;2.4433:2;2.932:2;3.4206:2;3.8821:2;4.3249:2;4.7676:2;5.2104:2;5.6004:2;5.9838:2;6.3672:2;6.7207:2;6.9421:2;7.1635:2;7.3849:2;7.6503:2;7.9635:2;8.2767:2;8.5898:2;8.9407:2;9.3025:2;9.6643:2;10.0253:2;10.3762:2;10.7272:2;11.0782:2;11.4053:2;11.6915:2;11.9777:2;12.2638:2;12.5142:2;12.7463:2;12.9785:2;13.2107:2;13.4584:2;13.7068:2;13.9552:2;14.1884:2;14.3774:2;14.5663:2;14.7553:2;14.9533:2;15.1584:2;15.3636:2;15.5688:2;15.5863:2;15.5701:2;15.5539:2;15.5711:2;15.7871:2;16.0031:2;16.219:2;16.3186:2;16.27:2;16.2214:2;16.1728:2;16.1242:2;16.0756:2;16.027:2;15.9784:2;15.9298:2;15.8813:2;15.8789:1;15.8865:1;15.894:1;15.9016:1;15.9092:1;15.9167:1;15.9243:1;15.9318:1;15.9394:1;15.9052:1;15.8674:1;15.8296:1;15.7918:1;15.754:1;15.7162:1;15.6784:1;15.6406:1;15.6029:1;15.5651:1;15.5273:1;15.4895:1;15.4517:1;15.4139:1;15.3761:1;15.3383:1;15.3005:1;15.2627:1
134;0:1;0.4806:2;0.9611:2;1.4417:2;1.9222:2;2.4028:2;2.8834:2;3.3639:2;3.8189:2;4.2563:2;4.6937:2;5.131:2;5.53:2;5.9242:2;6.3184:2;6.6778:2;6.8829:2;7.0881:2;7.2933:2;7.5529:2;7.8715:2;8.1901:2;8.5086:2;8.8565:2;9.2129:2;9.5693:2;9.9253:2;10.2762:2;10.6272:2;10.9782:2;11.3073:2;11.5989:2;11.8905:2;12.182:2;12.4378:2;12.6753:2;12.9129:2;13.1505:2;13.4088:2;13.668:2;13.9272:2;14.1684:2;14.3574:2;14.5463:2;14.7353:2;14.9362:2;15.1468:2;15.3574:2;15.568:2;15.5817:2;15.5601:2;15.5385:2;15.5511:2;15.7671:2;15.9831:2;16.199:2;16.301:2;16.2578:2;16.2146:2;16.1714:2;16.1282:2;16.085:2;16.0418:2;15.9986:2;15.9554:2;15.9122:2;15.869:2;15.8359:1;15.8478:1;15.8597:1;15.8715:1;15.8834:1;15.8953:1;15.9072:1;15.919:1;15.8852:1;15.8474:1;15.8096:1;15.7718:1;15.734:1;15.6962:1;15.6584:1;15.6206:1;15.5829:1;15.5451:1;15.5073:1;15.4695:1;15.4317:1;15.3939:1;15.3561:1;15.3183:1;15.2805:1;15.2427:1
135;0:1;0.4725:2;0.9449:2;1.4174:2;1.8898:2;2.3623:2;2.8348:2;3.3072:2;3.7557:2;4.1877:2;4.6197:2;5.0516:2;5.4596:2;5.8646:2;6.2695:2;6.6348:2;6.8238:2;7.0127:2;7.2017:2;7.4555:2;7.7795:2;8.1035:2;8.4274:2;8.7724:2;9.1233:2;9.4743:2;9.8253:2;10.1762:2;10.5272:2;10.8782:2;11.2093:2;11.5063:2;11.8032:2;12.1002:2;12.3613:2;12.6043:2;12.8473:2;13.0903:2;13.3592:2;13.6292:2;13.8991:2;14.1484:2;14.3374:2;14.5263:2;14.7153:2;14.9192:2;15.1352:2;15.3512:2;15.5672:2;15.5771:2;15.5501:2;15.5231:2;15.5311:2;15.7471:2;15.9631:2;16.179:2;16.2834:2;16.2456:2;16.2078:2;16.17:2;16.1322:2;16.0944:2;16.0566:2;16.0188:2;15.981:2;15.9432:2;15.9054:2;15.8676:2;15.8298:2;15.8177:1;15.8339:1;15.8501:1;15.8663:1;15.8825:1;15.8987:1;15.8652:1;15.8274:1;15.7896:1;15.7518:1;15.714:1;15.6762:1;15.6384:1;15.6006:1;15.5629:1;15.5251:1;15.4873:1;15.4495:1;15.4117:1;15.3739:1;15.3361:1;15.2983:1;15.2605:1;15.2227:1
136;0:1;0.4617:2;0.9233:2;1.385:2;1.8467:2;2.3083:2;2.77:2;3.2316:2;3.6757:2;4.1077:2;4.5397:2;4.9716:2;5.3892:2;5.805:2;6.2207:2;6.5918:2;6.7646:2;6.9374:2;7.1102:2;7.3555:2;7.6795:2;8.0035:2;8.3274:2;8.6598:2;8.9946:2;9.3293:2;9.666:2;10.0278:2;10.3896:2;10.7514:2;11.0913:2;11.3937:2;11.696:2;11.9984:2;12.2649:2;12.5133:2;12.7617:2;13.0101:2;13.274:2;13.5386:2;13.8032:2;14.0511:2;14.2509:2;14.4507:2;14.6505:2;14.8562:2;15.0668:2;15.2774:2;15.488:2;15.5063:2;15.4901:2;15.4739:2;15.4927:2;15.7194:2;15.9462:2;16.173:2;16.2848:2;16.2502:2;16.2157:2;16.1811:2;16.1466:2;16.112:2;16.0775:2;16.0429:2;16.0083:2;15.9738:2;15.9392:2;15.9047:2;15.8701:2;15.8356:2;15.8207:1;15.8401:1;15.8596:1;15.879:1;15.8984:1;15.8652:1;15.8274:1;15.7896:1;15.7518:1;15.714:1;15.6762:1;15.6384:1;15.6006:1;15.5629:1;15.5251:1;15.4873:1;15.4495:1;15.4117:1;15.3739:1;15.3361:1;15.2983:1;15.2605:1;15.2227:1
137;0:1;0.4509:2;0.9017:2;1.3526:2;1.8035:2;2.2543:2;2.7052:2;3.156:2;3.5957:2;4.0277:2;4.4597:2;4.8916:2;5.3188:2;5.7454:2;6.1719:2;6.5488:2;6.7054:2;6.862:2;7.0186:2;7.2555:2;7.5795:2;7.9035:2;8.2274:2;8.5472:2;8.8658:2;9.1844:2;9.5068:2;9.8794:2;10.252:2;10.6245:2;10.9733:2;11.281:2;11.5888:2;11.8966:2;12.1685:2;12.4223:2;12.6761:2;12.9298:2;13.1888:2;13.448:2;13.7072:2;13.9539:2;14.1645:2;14.3751:2;14.5857:2;14.7933:2;14.9984:2;15.2036:2;15.4088:2;15.4354:2;15.43:2;15.4246:2;15.4542:2;15.6918:2;15.9294:2;16.167:2;16.2862:2;16.2549:2;16.2236:2;16.1923:2;16.161:2;16.1296:2;16.0983:2;16.067:2;16.0357:2;16.0044:2;15.973:2;15.9417:2;15.9104:2;15.8791:2;15.8478:2;15.8302:1;15.8528:1;15.8755:1;15.8982:1;15.8652:1;15.8274:1;15.7896:1;15.7518:1;15.714:1;15.6762:1;15.6384:1;15.6006:1;15.5629:1;15.5251:1;15.4873:1;15.4495:1;15.4117:1;15.3739:1;15.3361:1;15.2983:1;15.2605:1;15.2227:1
138;0:1;0.4401:2;0.8801:2;1.3202:2;1.7603:2;2.2003:2;2.6404:2;3.0805:2;3.5157:2;3.9477:2;4.3797:2;4.8116:2;5.2484:2;5.6857:2;6.1231:2;6.5058:2;6.6462:2;6.7866:2;6.927:2;7.1555:2;7.4795:2;7.8035:2;8.1274:2;8.4346:2;8.737:2;9.0394:2;9.3476:2;9.731:2;10.1143:2;10.4977:2;10.8552:2;11.1684:2;11.4816:2;11.7948:2;12.0721:2;12.3313:2;12.5905:2;12.8496:2;13.1036:2;13.3574:2;13.6112:2;13.8567:2;14.0781:2;14.2994:2;14.5208:2;14.7303:2;14.9301:2;15.1298:2;15.3296:2;15.3646:2;15.37:2;15.3754:2;15.4158:2;15.6641:2;15.9125:2;16.1609:2;16.2876:2;16.2596:2;16.2315:2;16.2034:2;16.1753:2;16.1473:2;16.1192:2;16.0911:2;16.063:2;16.0349:2;16.0069:2;15.9788:2;15.9507:2;15.9226:2;15.8946:2;15.8665:2;15.8461:1;15.872:1;15.8979:1;15.8652:1;15.8274:1;15.7896:1;15.7518:1;15.714:1;15.6762:1;15.6384:1;15.6006:1;15.5629:1;15.5251:1;15.4873:1;15.4495:1;15.4117:1;15.3739:1;15.3361:1;15.2983:1;15.2605:1;15.2227:1
139;0:1;0.4293:2;0.8585:2;1.2878:2;1.7171:2;2.1463:2;2.5756:2;3.0049:2;3.4357:2;3.8677:2;4.2997:2;4.7316:2;5.178:2;5.6261:2;6.0743:2;6.4629:2;6.587:2;6.7112:2;6.8354:2;7.0555:2;7.3795:2;7.7035:2;8.0274:2;8.3221:2;8.6083:2;8.8944:2;9.1884:2;9.5825:2;9.9767:2;10.3709:2;10.7372:2;11.0558:2;11.3744:2;11.693:2;11.9757:2;12.2403:2;12.5048:2;12.7694:2;13.0184:2;13.2668:2;13.5152:2;13.7594:2;13.9916:2;14.2238:2;14.456:2;14.6673:2;14.8617:2;15.0561:2;15.2505:2;15.2937:2;15.3099:2;15.3261:2;15.3773:2;15.6365:2;15.8957:2;16.1549:2;16.2891:2;16.2642:2;16.2394:2;16.2146:2;16.1897:2;16.1649:2;16.14:2;16.1152:2;16.0904:2;16.0655:2;16.0407:2;16.0159:2;15.991:2;15.9662:2;15.9413:2;15.9165:2;15.8917:2;15.8685:1;15.8977:1;15.8652:1;15.8274:1;15.7896:1;15.7518:1;15.714:1;15.6762:1;15.6384:1;15.6006:1;15.5629:1;15.5251:1;15.4873:1;15.4495:1;15.4117:1;15.3739:1;15.3361:1;15.2983:1;15.2605:1;15.2227:1
140;0:1;0.4185:2;0.8369:2;1.2554:2;1.6739:2;2.0923:2;2.5108:2;2.9293:2;3.3557:2;3.7877:2;4.2197:2;4.6516:2;5.1076:2;5.5665:2;6.0255:2;6.4199:2;6.5279:2;6.6359:2;6.7438:2;6.9555:2;7.2795:2;7.6035:2;7.9274:2;8.2095:2;8.4795:2;8.7495:2;9.0292:2;9.4341:2;9.8391:2;10.2441:2;10.6192:2;10.9432:2;11.2672:2;11.5911:2;11.8793:2;12.1492:2;12.4192:2;12.6892:2;12.9333:2;13.1762:2;13.4192:2;13.6622:2;13.9052:2;14.1482:2;14.3911:2;14.6043:2;14.7933:2;14.9823:2;15.1713:2;15.2229:2;15.2499:2;15.2769:2;15.3389:2;15.6089:2;15.8788:2;16.1488:2;16.2905:2;16.2689:2;16.2473:2;16.2257:2;16.2041:2;16.1825:2;16.1609:2;16.1393:2;16.1177:2;16.0961:2;16.0745:2;16.0529:2;16.0313:2;16.0097:2;15.9881:2;15.9665:2;15.9449:2;15.9233:2;15.9017:2;15.8652:1;15.8274:1;15.7896:1;15.7518:1;15.714:1;15.6762:1;15.6384:1;15.6006:1;15.5629:1;15.5251:1;15.4873:1;15.4495:1;15.4117:1;15.3739:1;15.3361:1;15.2983:1;15.2605:1;15.2227:1
145;0:1;0.3915:2;0.7829:2;1.1744:2;1.5659:2;1.9573:2;2.3488:2;2.7403:2;3.1238:2;3.5017:2;3.8797:2;4.2577:2;4.7315:2;5.2175:2;5.7035:2;6.1199:2;6.2279:2;6.3359:2;6.4438:2;6.6425:2;6.9395:2;7.2365:2;7.5335:2;7.8305:2;8.1274:2;8.4244:2;8.7214:2;9.0184:2;9.3153:2;9.6123:2;9.9093:2;10.2063:2;10.5032:2;10.8002:2;11.1151:2;11.4391:2;11.7631:2;12.087:2;12.3073:2;12.5233:2;12.7393:2;12.9691:2;13.2391:2;13.5091:2;13.779:2;14.0192:2;14.2352:2;14.4512:2;14.6672:2;14.8603:2;15.0492:2;15.2382:2;15.4311:2;15.6471:2;15.8631:2;16.079:2;16.1881:2;16.1611:2;16.1341:2;16.1071:2;16.0801:2;16.0531:2;16.0261:2;15.9991:2;15.9721:2;15.9451:2;15.9181:2;15.8911:2;15.8641:2;15.8371:2;15.8102:2;15.7832:2;15.7562:2;15.7292:2;15.7022:2;15.6752:1;15.6482:1;15.6212:1;15.5942:1;15.5672:1;15.5402:1;15.5132:1;15.4862:1;15.4592:1;15.4322:1;15.4052:1;15.3782:1;15.3512:1;15.3242:1;15.2972:1;15.2702:1;15.2432:1;15.2162:1
150;0:1;0.3375:2;0.6749:2;1.0124:2;1.3499:2;1.6874:2;2.0248:2;2.3623:2;2.7238:2;3.1017:2;3.4797:2;3.8577:2;4.3076:2;4.7665:2;5.2255:2;5.6199:2;5.7279:2;5.8359:2;5.9438:2;6.1037:2;6.3197:2;6.5356:2;6.7516:2;7.0305:2;7.3274:2;7.6244:2;7.9194:2;8.1894:2;8.4594:2;8.7294:2;9.049:2;9.454:2;9.859:2;10.2639:2;10.5972:2;10.8942:2;11.1911:2;11.4881:2;11.7592:2;12.0292:2;12.2991:2;12.5622:2;12.8052:2;13.0482:2;13.2911:2;13.5341:2;13.7771:2;14.0201:2;14.2631:2;14.4603:2;14.6492:2;14.8382:2;15.0389:2;15.3089:2;15.5788:2;15.8488:2;15.9881:2;15.9611:2;15.9341:2;15.9071:2;15.8801:2;15.8531:2;15.8261:2;15.7991:2;15.7721:2;15.7451:2;15.7181:2;15.6911:2;15.6641:2;15.6371:2;15.6102:2;15.5832:2;15.5562:2;15.5292:2;15.5022:2;15.4752:1;15.4482:1;15.4212:1;15.3942:1;15.3672:1;15.3402:1;15.3132:1;15.2862:1;15.2592:1;15.2322:1;15.2052:1;15.1782:1;15.1512:1;15.1242:1;15.0972:1;15.0702:1;15.0432:1;15.0162:1
155;0:1;0.2835:2;0.567:2;0.8504:2;1.1339:2;1.4174:2;1.7009:2;1.9843:2;2.2918:2;2.6158:2;2.9397:2;3.2637:2;3.7076:2;4.1665:2;4.6255:2;5.0199:2;5.1279:2;5.2359:2;5.3438:2;5.5037:2;5.7197:2;5.9356:2;6.1516:2;6.3676:2;6.5836:2;6.7996:2;7.0194:2;7.2894:2;7.5594:2;7.8294:2;8.0894:2;8.3324:2;8.5754:2;8.8184:2;9.133:2;9.484:2;9.835:2;10.186:2;10.4851:2;10.7821:2;11.079:2;11.376:2;11.673:2;11.97:2;12.267:2;12.5341:2;12.7771:2;13.0201:2;13.2631:2;13.5289:2;13.7989:2;14.0689:2;14.3311:2;14.5471:2;14.7631:2;14.979:2;15.0905:2;15.0689:2;15.0473:2;15.0257:2;15.0041:2;14.9825:2;14.9609:2;14.9393:2;14.9177:2;14.8961:2;14.8745:2;14.8529:2;14.8313:2;14.8097:2;14.7881:2;14.7665:2;14.7449:2;14.7233:2;14.7017:2;14.6801:1;14.6585:1;14.6369:1;14.6153:1;14.5937:1;14.5721:1;14.5505:1;14.5289:1;14.5073:1;14.4857:1;14.4641:1;14.4425:1;14.421:1;14.3994:1;14.3778:1;14.3562:1;14.3346:1;14.313:1
156;0:1;0.2754:2;0.5508:2;0.8261:2;1.1015:2;1.3769:2;1.6523:2;1.9276:2;2.2318:2;2.5558:2;2.8797:2;3.2037:2;3.6428:2;4.0963:2;4.5499:2;4.9379:2;5.0351:2;5.1323:2;5.2295:2;5.3863:2;5.6076:2;5.829:2;6.0504:2;6.2634:2;6.474:2;6.6846:2;6.8987:2;7.1578:2;7.417:2;7.6762:2;7.9314:2;8.1798:2;8.4282:2;8.6765:2;8.9751:2;9.2991:2;9.6231:2;9.947:2;10.2347:2;10.5209:2;10.8071:2;11.0946:2;11.3862:2;11.6778:2;11.9694:2;12.2401:2;12.4939:2;12.7476:2;13.0014:2;13.2644:2;13.5289:2;13.7935:2;14.0503:2;14.2609:2;14.4715:2;14.6821:2;14.7876:2;14.7596:2;14.7315:2;14.7034:2;14.6753:2;14.6473:2;14.6192:2;14.5911:2;14.563:2;14.5349:2;14.5069:2;14.4788:2;14.4507:2;14.4226:2;14.3946:2;14.3665:2;14.3384:2;14.3172:1;14.3939:1;14.3801:1;14.3585:1;14.3369:1;14.3153:1;14.2937:1;14.2721:1;14.2505:1;14.2289:1;14.2073:1;14.1857:1;14.1641:1;14.1425:1;14.121:1;14.0994:1;14.0778:1;14.0562:1;14.0346:1;14.013:1
157;0:1;0.2673:2;0.5346:2;0.8018:2;1.0691:2;1.3364:2;1.6037:2;1.871:2;2.1718:2;2.4958:2;2.8197:2;3.1437:2;3.578:2;4.0261:2;4.4743:2;4.8559:2;4.9423:2;5.0287:2;5.1151:2;5.2689:2;5.4956:2;5.7224:2;5.9492:2;6.1592:2;6.3644:2;6.5696:2;6.7779:2;7.0263:2;7.2746:2;7.523:2;7.7734:2;8.0272:2;8.281:2;8.5347:2;8.8172:2;9.1142:2;9.4111:2;9.7081:2;9.9844:2;10.2597:2;10.5351:2;10.8133:2;11.0994:2;11.3856:2;11.6718:2;11.946:2;12.2106:2;12.4752:2;12.7398:2;12.9998:2;13.259:2;13.5181:2;13.7695:2;13.9747:2;14.1799:2;14.3851:2;14.4848:2;14.4502:2;14.4157:2;14.3811:2;14.3466:2;14.312:2;14.2775:2;14.2429:2;14.2083:2;14.1738:2;14.1392:2;14.1047:2;14.0701:2;14.0356:2;14.001:2;13.9664:2;13.9383:1;14.016:1;14.0938:1;14.0801:1;14.0585:1;14.0369:1;14.0153:1;13.9937:1;13.9721:1;13.9505:1;13.9289:1;13.9073:1;13.8857:1;13.8641:1;13.8425:1;13.821:1;13.7994:1;13.7778:1;13.7562:1;13.7346:1;13.713:1
158;0:1;0.2592:2;0.5184:2;0.7775:2;1.0367:2;1.2959:2;1.5551:2;1.8143:2;2.1118:2;2.4358:2;2.7597:2;3.0837:2;3.5132:2;3.9559:2;4.3987:2;4.7739:2;4.8495:2;4.9251:2;5.0007:2;5.1514:2;5.3836:2;5.6158:2;5.848:2;6.055:2;6.2548:2;6.4546:2;6.6571:2;6.8947:2;7.1323:2;7.3698:2;7.6154:2;7.8746:2;8.1337:2;8.3929:2;8.6593:2;8.9292:2;9.1992:2;9.4692:2;9.734:2;9.9986:2;10.2632:2;10.5319:2;10.8127:2;11.0934:2;11.3742:2;11.652:2;11.9274:2;12.2028:2;12.4781:2;12.7352:2;12.989:2;13.2428:2;13.4888:2;13.6886:2;13.8883:2;14.0881:2;14.1819:2;14.1409:2;14.0999:2;14.0588:2;14.0178:2;13.9768:2;13.9357:2;13.8947:2;13.8537:2;13.8126:2;13.7716:2;13.7305:2;13.6895:2;13.6485:2;13.6074:2;13.5664:2;13.636:1;13.7149:1;13.7937:1;13.7801:1;13.7585:1;13.7369:1;13.7153:1;13.6937:1;13.6721:1;13.6505:1;13.6289:1;13.6073:1;13.5857:1;13.5641:1;13.5425:1;13.521:1;13.4994:1;13.4778:1;13.4562:1;13.4346:1;13.413:1
159;0:1;0.2511:2;0.5022:2;0.7532:2;1.0043:2;1.2554:2;1.5065:2;1.7576:2;2.0518:2;2.3758:2;2.6997:2;3.0237:2;3.4484:2;3.8857:2;4.3231:2;4.6919:2;4.7567:2;4.8215:2;4.8863:2;5.034:2;5.2716:2;5.5092:2;5.7468:2;5.9508:2;6.1452:2;6.3396:2;6.5363:2;6.7631:2;6.9899:2;7.2167:2;7.4574:2;7.7219:2;7.9865:2;8.2511:2;8.5013:2;8.7443:2;8.9873:2;9.2303:2;9.4836:2;9.7374:2;9.9912:2;10.2505:2;10.5259:2;10.8013:2;11.0766:2;11.358:2;11.6441:2;11.9303:2;12.2165:2;12.4706:2;12.719:2;12.9674:2;13.208:2;13.4024:2;13.5968:2;13.7911:2;13.8791:2;13.8316:2;13.7841:2;13.7365:2;13.689:2;13.6415:2;13.594:2;13.5465:2;13.499:2;13.4514:2;13.4039:2;13.3564:2;13.3089:2;13.2614:2;13.2139:2;13.2539:1;13.3338:1;13.4137:1;13.4936:1;13.4801:1;13.4585:1;13.4369:1;13.4153:1;13.3937:1;13.3721:1;13.3505:1;13.3289:1;13.3073:1;13.2857:1;13.2641:1;13.2425:1;13.221:1;13.1994:1;13.1778:1;13.1562:1;13.1346:1;13.113:1
160;0:1;0.243:2;0.486:2;0.7289:2;0.9719:2;1.2149:2;1.4579:2;1.7009:2;1.9918:2;2.3158:2;2.6397:2;2.9637:2;3.3836:2;3.8156:2;4.2475:2;4.6099:2;4.6639:2;4.7179:2;4.7719:2;4.9166:2;5.1596:2;5.4026:2;5.6456:2;5.8467:2;6.0356:2;6.2246:2;6.4156:2;6.6315:2;6.8475:2;7.0635:2;7.2994:2;7.5693:2;7.8393:2;8.1093:2;8.3434:2;8.5594:2;8.7754:2;8.9914:2;9.2333:2;9.4762:2;9.7192:2;9.9691:2;10.2391:2;10.5091:2;10.779:2;11.0639:2;11.3609:2;11.6579:2;11.9549:2;12.206:2;12.449:2;12.692:2;12.9272:2;13.1162:2;13.3052:2;13.4942:2;13.5762:2;13.5222:2;13.4683:2;13.4143:2;13.3603:2;13.3063:2;13.2523:2;13.1983:2;13.1443:2;13.0903:2;13.0363:2;12.9823:2;12.9283:2;12.8743:2;12.8695:1;12.9505:1;13.0315:1;13.1125:1;13.1935:1;13.1801:1;13.1585:1;13.1369:1;13.1153:1;13.0937:1;13.0721:1;13.0505:1;13.0289:1;13.0073:1;12.9857:1;12.9641:1;12.9425:1;12.921:1;12.8994:1;12.8778:1;12.8562:1;12.8346:1;12.813:1
161;0:1;0.2389:2;0.4779:2;0.7168:2;0.9557:2;1.1947:2;1.4336:2;1.6725:2;1.9578:2;2.275:2;2.5922:2;2.9095:2;3.3202:2;3.7427:2;4.1652:2;4.5202:2;4.5755:2;4.6309:2;4.6862:2;4.8297:2;5.0686:2;5.3075:2;5.5465:2;5.7446:2;5.9308:2;6.1171:2;6.3054:2;6.5186:2;6.7319:2;6.9452:2;7.1764:2;7.4383:2;7.7001:2;7.962:2;8.1925:2;8.4071:2;8.6218:2;8.8364:2;9.0744:2;9.3133:2;9.5522:2;9.7977:2;10.0623:2;10.3269:2;10.5915:2;10.871:2;11.1625:2;11.4541:2;11.7457:2;11.9926:2;12.2315:2;12.4705:2;12.7016:2;12.8866:2;13.0715:2;13.2564:2;13.3346:2;13.2768:2;13.219:2;13.1613:2;13.1035:2;13.0457:2;12.9879:2;12.9302:2;12.8724:2;12.8146:2;12.7568:2;12.699:2;12.6413:2;12.5835:2;12.6384:1;12.7197:1;12.801:1;12.8822:1;12.9635:1;12.9506:1;12.9296:1;12.9085:1;12.8875:1;12.8664:1;12.8453:1;12.8243:1;12.8032:1;12.7822:1;12.7611:1;12.74:1;12.719:1;12.6979:1;12.6769:1;12.6558:1;12.6348:1;12.6137:1;12.5926:1
162;0:1;0.2349:2;0.4698:2;0.7046:2;0.9395:2;1.1744:2;1.4093:2;1.6442:2;1.9238:2;2.2343:2;2.5448:2;2.8552:2;3.2568:2;3.6699:2;4.0829:2;4.4304:2;4.4871:2;4.5438:2;4.6005:2;4.7427:2;4.9776:2;5.2125:2;5.4474:2;5.6425:2;5.826:2;6.0096:2;6.1952:2;6.4057:2;6.6163:2;6.8269:2;7.0534:2;7.3072:2;7.561:2;7.8147:2;8.0416:2;8.2549:2;8.4682:2;8.6815:2;8.9155:2;9.1504:2;9.3852:2;9.6263:2;9.8855:2;10.1447:2;10.4039:2;10.678:2;10.9641:2;11.2503:2;11.5365:2;11.7792:2;12.0141:2;12.2489:2;12.476:2;12.6569:2;12.8378:2;13.0187:2;13.0929:2;13.0314:2;12.9698:2;12.9083:2;12.8467:2;12.7851:2;12.7236:2;12.662:2;12.6005:2;12.5389:2;12.4774:2;12.4158:2;12.3543:2;12.3258:1;12.4073:1;12.4889:1;12.5704:1;12.6519:1;12.7335:1;12.7211:1;12.7006:1;12.6801:1;12.6596:1;12.639:1;12.6185:1;12.598:1;12.5775:1;12.557:1;12.5365:1;12.5159:1;12.4954:1;12.4749:1;12.4544:1;12.4339:1;12.4133:1;12.3928:1;12.3723:1
163;0:1;0.2308:2;0.4617:2;0.6925:2;0.9233:2;1.1542:2;1.385:2;1.6158:2;1.8898:2;2.1935:2;2.4973:2;2.801:2;3.1934:2;3.597:2;4.0006:2;4.3407:2;4.3987:2;4.4568:2;4.5148:2;4.6558:2;4.8866:2;5.1175:2;5.3483:2;5.5404:2;5.7213:2;5.9021:2;6.085:2;6.2929:2;6.5007:2;6.7086:2;6.9304:2;7.1761:2;7.4218:2;7.6675:2;7.8907:2;8.1027:2;8.3146:2;8.5265:2;8.7566:2;8.9874:2;9.2183:2;9.455:2;9.7087:2;9.9625:2;10.2163:2;10.485:2;10.7658:2;11.0465:2;11.3273:2;11.5657:2;11.7966:2;12.0274:2;12.2505:2;12.4273:2;12.6041:2;12.781:2;12.8513:2;12.7859:2;12.7206:2;12.6552:2;12.5899:2;12.5246:2;12.4592:2;12.3939:2;12.3286:2;12.2632:2;12.1979:2;12.1326:2;12.0672:2;12.0944:1;12.1762:1;12.258:1;12.3398:1;12.4217:1;12.5035:1;12.4916:1;12.4716:1;12.4517:1;12.4317:1;12.4117:1;12.3917:1;12.3717:1;12.3518:1;12.3318:1;12.3118:1;12.2918:1;12.2719:1;12.2519:1;12.2319:1;12.2119:1;12.1919:1;12.172:1;12.152:1
164;0:1;0.2268:2;0.4536:2;0.6803:2;0.9071:2;1.1339:2;1.3607:2;1.5875:2;1.8558:2;2.1528:2;2.4498:2;2.7467:2;3.13:2;3.5242:2;3.9184:2;4.2509:2;4.3103:2;4.3697:2;4.4291:2;4.5689:2;4.7956:2;5.0224:2;5.2492:2;5.4383:2;5.6165:2;5.7946:2;5.9748:2;6.18:2;6.3851:2;6.5903:2;6.8074:2;7.045:2;7.2826:2;7.5202:2;7.7398:2;7.9504:2;8.161:2;8.3716:2;8.5977:2;8.8245:2;9.0513:2;9.2836:2;9.532:2;9.7803:2;10.0287:2;10.292:2;10.5674:2;10.8428:2;11.1181:2;11.3523:2;11.5791:2;11.8059:2;12.0249:2;12.1977:2;12.3705:2;12.5432:2;12.6096:2;12.5405:2;12.4714:2;12.4022:2;12.3331:2;12.264:2;12.1949:2;12.1258:2;12.0567:2;11.9876:2;11.9184:2;11.8493:2;11.781:1;11.8631:1;11.9451:1;12.0272:1;12.1093:1;12.1914:1;12.2734:1;12.2621:1;12.2427:1;12.2232:1;12.2038:1;12.1844:1;12.1649:1;12.1455:1;12.126:1;12.1066:1;12.0872:1;12.0677:1;12.0483:1;12.0289:1;12.0094:1;11.99:1;11.9705:1;11.9511:1;11.9317:1
166;0:1;0.2187:2;0.4374:2;0.656:2;0.8747:2;1.0934:2;1.3121:2;1.5308:2;1.7878:2;2.0713:2;2.3548:2;2.6383:2;3.0032:2;3.3785:2;3.7538:2;4.0714:2;4.1335:2;4.1956:2;4.2577:2;4.395:2;4.6137:2;4.8323:2;5.051:2;5.2341:2;5.4069:2;5.5797:2;5.7544:2;5.9542:2;6.154:2;6.3537:2;6.5615:2;6.7829:2;7.0042:2;7.2256:2;7.438:2;7.6459:2;7.8538:2;8.0617:2;8.2799:2;8.4986:2;8.7173:2;8.9408:2;9.1784:2;9.416:2;9.6536:2;9.906:2;10.1706:2;10.4352:2;10.6998:2;10.9254:2;11.1441:2;11.3628:2;11.5737:2;11.7384:2;11.9031:2;12.0678:2;12.1263:2;12.0496:2;11.9729:2;11.8962:2;11.8196:2;11.7429:2;11.6662:2;11.5895:2;11.5129:2;11.4362:2;11.3595:2;11.2829:2;11.3177:1;11.4003:1;11.4829:1;11.5656:1;11.6482:1;11.7308:1;11.8134:1;11.8031:1;11.7848:1;11.7664:1;11.748:1;11.7297:1;11.7113:1;11.693:1;11.6746:1;11.6562:1;11.6379:1;11.6195:1;11.6012:1;11.5828:1;11.5644:1;11.5461:1;11.5277:1;11.5094:1;11.491:1
167;0:1;0.2146:2;0.4293:2;0.6439:2;0.8585:2;1.0732:2;1.2878:2;1.5024:2;1.7538:2;2.0306:2;2.3073:2;2.584:2;2.9398:2;3.3057:2;3.6715:2;3.9817:2;4.0451:2;4.1086:2;4.172:2;4.308:2;4.5227:2;4.7373:2;4.9519:2;5.132:2;5.3021:2;5.4722:2;5.6442:2;5.8413:2;6.0384:2;6.2354:2;6.4385:2;6.6518:2;6.8651:2;7.0783:2;7.2871:2;7.4937:2;7.7002:2;7.9067:2;8.121:2;8.3357:2;8.5503:2;8.7694:2;9.0016:2;9.2338:2;9.466:2;9.7131:2;9.9722:2;10.2314:2;10.4906:2;10.712:2;10.9266:2;11.1413:2;11.3481:2;11.5088:2;11.6694:2;11.83:2;11.8846:2;11.8041:2;11.7237:2;11.6432:2;11.5628:2;11.4823:2;11.4019:2;11.3214:2;11.241:2;11.1605:2;11.0801:2;11.0032:1;11.0861:1;11.169:1;11.2518:1;11.3347:1;11.4176:1;11.5005:1;11.5834:1;11.5736:1;11.5558:1;11.538:1;11.5202:1;11.5023:1;11.4845:1;11.4667:1;11.4489:1;11.4311:1;11.4132:1;11.3954:1;11.3776:1;11.3598:1;11.342:1;11.3241:1;11.3063:1;11.2885:1;11.2707:1
170;0:1;0.2025:2;0.405:2;0.6075:2;0.8099:2;1.0124:2;1.2149:2;1.4174:2;1.6518:2;1.9083:2;2.1648:2;2.4213:2;2.7497:2;3.0871:2;3.4246:2;3.7124:2;3.7799:2;3.8474:2;3.9149:2;4.0472:2;4.2497:2;4.4522:2;4.6546:2;4.8257:2;4.9877:2;5.1497:2;5.3136:2;5.5026:2;5.6916:2;5.8806:2;6.0695:2;6.2585:2;6.4475:2;6.6365:2;6.8344:2;7.0369:2;7.2394:2;7.4419:2;7.6444:2;7.8469:2;8.0494:2;8.2553:2;8.4713:2;8.6873:2;8.9032:2;9.1341:2;9.3771:2;9.6201:2;9.8631:2;10.0717:2;10.2742:2;10.4767:2;10.6714:2;10.8199:2;10.9684:2;11.1168:2;11.1596:2;11.0678:2;10.976:2;10.8842:2;10.7924:2;10.7006:2;10.6089:2;10.5171:2;10.4253:2;10.3335:2;10.2417:2;10.3075:1;10.3911:1;10.4748:1;10.5585:1;10.6422:1;10.7259:1;10.8096:1;10.8933:1;10.8851:1;10.8689:1;10.8527:1;10.8365:1;10.8203:1;10.8041:1;10.7879:1;10.7717:1;10.7555:1;10.7393:1;10.7231:1;10.7069:1;10.6907:1;10.6745:1;10.6583:1;10.6421:1;10.6259:1;10.6097:1
171;0:1;0.1984:2;0.3969:2;0.5953:2;0.7937:2;0.9922:2;1.1906:2;1.389:2;1.6178:2;1.8676:2;2.1173:2;2.367:2;2.6863:2;3.0143:2;3.3423:2;3.6227:2;3.6915:2;3.7604:2;3.8292:2;3.9602:2;4.1587:2;4.3571:2;4.5556:2;4.7236:2;4.8829:2;5.0422:2;5.2034:2;5.3897:2;5.576:2;5.7623:2;5.9466:2;6.1275:2;6.3083:2;6.4892:2;6.6836:2;6.8847:2;7.0858:2;7.287:2;7.4855:2;7.6839:2;7.8824:2;8.0839:2;8.2945:2;8.5051:2;8.7157:2;8.9411:2;9.1787:2;9.4163:2;9.6539:2;9.8583:2;10.0567:2;10.2551:2;10.4458:2;10.5902:2;10.7347:2;10.8791:2;10.9179:2;10.8224:2;10.7268:2;10.6312:2;10.5357:2;10.4401:2;10.3445:2;10.2489:2;10.1534:2;10.0578:2;9.9916:1;10.0755:1;10.1595:1;10.2435:1;10.3274:1;10.4114:1;10.4954:1;10.5793:1;10.6633:1;10.6556:1;10.6399:1;10.6243:1;10.6086:1;10.593:1;10.5773:1;10.5616:1;10.546:1;10.5303:1;10.5147:1;10.499:1;10.4833:1;10.4677:1;10.452:1;10.4364:1;10.4207:1;10.4051:1;10.3894:1
174;0:1;0.1863:2;0.3726:2;0.5589:2;0.7451:2;0.9314:2;1.1177:2;1.304:2;1.5159:2;1.7453:2;1.9748:2;2.2043:2;2.4961:2;2.7958:2;3.0955:2;3.3534:2;3.4263:2;3.4992:2;3.5721:2;3.6994:2;3.8857:2;4.072:2;4.2583:2;4.4173:2;4.5685:2;4.7197:2;4.8728:2;5.051:2;5.2292:2;5.4074:2;5.5776:2;5.7342:2;5.8908:2;6.0474:2;6.2309:2;6.4279:2;6.625:2;6.8221:2;7.0088:2;7.1951:2;7.3814:2;7.5698:2;7.7641:2;7.9585:2;8.1529:2;8.3622:2;8.5836:2;8.805:2;9.0263:2;9.218:2;9.4043:2;9.5905:2;9.769:2;9.9013:2;10.0336:2;10.1659:2;10.193:2;10.086:2;9.9791:2;9.8722:2;9.7653:2;9.6584:2;9.5515:2;9.4446:2;9.3377:2;9.2308:2;9.295:1;9.3798:1;9.4646:1;9.5494:1;9.6341:1;9.7189:1;9.8037:1;9.8884:1;9.9732:1;9.9671:1;9.953:1;9.939:1;9.925:1;9.9109:1;9.8969:1;9.8829:1;9.8688:1;9.8548:1;9.8407:1;9.8267:1;9.8127:1;9.7986:1;9.7846:1;9.7705:1;9.7565:1;9.7425:1;9.7284:1
175;0:1;0.1822:2;0.3645:2;0.5467:2;0.7289:2;0.9112:2;1.0934:2;1.2756:2;1.4819:2;1.7046:2;1.9273:2;2.1501:2;2.4327:2;2.7229:2;3.0132:2;3.2637:2;3.3379:2;3.4121:2;3.4864:2;3.6125:2;3.7947:2;3.9769:2;4.1592:2;4.3152:2;4.4637:2;4.6122:2;4.7626:2;4.9381:2;5.1136:2;5.2891:2;5.4546:2;5.6031:2;5.7516:2;5.9001:2;6.08:2;6.2757:2;6.4714:2;6.6672:2;6.8499:2;7.0322:2;7.2144:2;7.3984:2;7.5874:2;7.7763:2;7.9653:2;8.1692:2;8.3852:2;8.6012:2;8.8172:2;9.0045:2;9.1868:2;9.369:2;9.5435:2;9.6717:2;9.7999:2;9.9282:2;9.9513:2;9.8406:2;9.7299:2;9.6192:2;9.5085:2;9.3978:2;9.2871:2;9.1765:2;9.0658:2;8.9778:1;9.0629:1;9.1479:1;9.2329:1;9.318:1;9.403:1;9.4881:1;9.5731:1;9.6582:1;9.7432:1;9.7376:1;9.7241:1;9.7106:1;9.6971:1;9.6836:1;9.6701:1;9.6566:1;9.6431:1;9.6296:1;9.6161:1;9.6026:1;9.5891:1;9.5756:1;9.5621:1;9.5486:1;9.5351:1;9.5216:1;9.5081:1
179;0:1;0.166:2;0.3321:2;0.4981:2;0.6641:2;0.8302:2;0.9962:2;1.1623:2;1.3459:2;1.5416:2;1.7373:2;1.9331:2;2.1792:2;2.4316:2;2.684:2;2.9047:2;2.9843:2;3.0639:2;3.1436:2;3.2647:2;3.4307:2;3.5968:2;3.7628:2;3.9068:2;4.0445:2;4.1822:2;4.3219:2;4.4865:2;4.6512:2;4.8159:2;4.9627:2;5.0788:2;5.1949:2;5.311:2;5.4764:2;5.6667:2;5.8571:2;6.0474:2;6.2144:2;6.3804:2;6.5465:2;6.7129:2;6.8802:2;7.0476:2;7.215:2;7.3973:2;7.5917:2;7.7861:2;7.9805:2;8.1508:2;8.3168:2;8.4829:2;8.6411:2;8.7532:2;8.8652:2;8.9773:2;8.9846:2;8.8588:2;8.733:2;8.6072:2;8.4814:2;8.3556:2;8.2298:2;8.104:2;7.9782:2;8.048:1;8.1341:1;8.2202:1;8.3064:1;8.3925:1;8.4786:1;8.5647:1;8.6509:1;8.737:1;8.8231:1;8.8196:1;8.8082:1;8.7969:1;8.7856:1;8.7742:1;8.7629:1;8.7515:1;8.7402:1;8.7289:1;8.7175:1;8.7062:1;8.6948:1;8.6835:1;8.6722:1;8.6608:1;8.6495:1;8.6381:1;8.6268:1
180;0:1;0.162:2;0.324:2;0.486:2;0.6479:2;0.8099:2;0.9719:2;1.1339:2;1.3119:2;1.5009:2;1.6898:2;1.8788:2;2.1158:2;2.3587:2;2.6017:2;2.8149:2;2.8959:2;2.9769:2;3.0579:2;3.1778:2;3.3397:2;3.5017:2;3.6637:2;3.8048:2;3.9397:2;4.0747:2;4.2117:2;4.3737:2;4.5356:2;4.6976:2;4.8397:2;4.9477:2;5.0557:2;5.1637:2;5.3255:2;5.5145:2;5.7035:2;5.8924:2;6.0555:2;6.2175:2;6.3795:2;6.5415:2;6.7035:2;6.8654:2;7.0274:2;7.2043:2;7.3933:2;7.5823:2;7.7713:2;7.9374:2;8.0994:2;8.2613:2;8.4156:2;8.5235:2;8.6315:2;8.7395:2;8.743:2;8.6134:2;8.4838:2;8.3542:2;8.2246:2;8.095:2;7.9654:2;7.8359:2;7.7292:1;7.8156:1;7.9019:1;7.9883:1;8.0747:1;8.1611:1;8.2475:1;8.3339:1;8.4203:1;8.5067:1;8.5931:1;8.5901:1;8.5793:1;8.5685:1;8.5577:1;8.5469:1;8.5361:1;8.5253:1;8.5145:1;8.5037:1;8.4929:1;8.4821:1;8.4713:1;8.4605:1;8.4497:1;8.4389:1;8.4281:1;8.4173:1;8.4065:1
